symbol,period,strategy,weight
AVC,2011Q1,Alpha,5.88
DPG,2011Q1,Alpha,5.88
DRL,2011Q1,Alpha,5.88
GEG,2011Q1,Alpha,5.88
GHC,2011Q1,Alpha,5.88
HDG,2011Q1,Alpha,5.88
HNA,2011Q1,Alpha,5.88
NED,2011Q1,Alpha,5.88
PC1,2011Q1,Alpha,5.88
REE,2011Q1,Alpha,5.88
S4A,2011Q1,Alpha,5.88
SBA,2011Q1,Alpha,5.88
SHP,2011Q1,Alpha,5.88
TMP,2011Q1,Alpha,5.88
TTA,2011Q1,Alpha,5.88
VPD,2011Q1,Alpha,5.88
VSH,2011Q1,Alpha,5.88
AVC,2011Q1,Equal_Weighted,2.94
DPG,2011Q1,Equal_Weighted,2.94
DRL,2011Q1,Equal_Weighted,2.94
GEG,2011Q1,Equal_Weighted,2.94
GHC,2011Q1,Equal_Weighted,2.94
HDG,2011Q1,Equal_Weighted,2.94
HNA,2011Q1,Equal_Weighted,2.94
HND,2011Q1,Equal_Weighted,8.33
NED,2011Q1,Equal_Weighted,2.94
NT2,2011Q1,Equal_Weighted,12.5
PC1,2011Q1,Equal_Weighted,2.94
POW,2011Q1,Equal_Weighted,12.5
PPC,2011Q1,Equal_Weighted,8.33
QTP,2011Q1,Equal_Weighted,8.33
REE,2011Q1,Equal_Weighted,2.94
S4A,2011Q1,Equal_Weighted,2.94
SBA,2011Q1,Equal_Weighted,2.94
SHP,2011Q1,Equal_Weighted,2.94
TMP,2011Q1,Equal_Weighted,2.94
TTA,2011Q1,Equal_Weighted,2.94
VPD,2011Q1,Equal_Weighted,2.94
VSH,2011Q1,Equal_Weighted,2.94
AVC,2011Q1,ONI,5.88
DPG,2011Q1,ONI,5.88
DRL,2011Q1,ONI,5.88
GEG,2011Q1,ONI,5.88
GHC,2011Q1,ONI,5.88
HDG,2011Q1,ONI,5.88
HNA,2011Q1,ONI,5.88
NED,2011Q1,ONI,5.88
PC1,2011Q1,ONI,5.88
REE,2011Q1,ONI,5.88
S4A,2011Q1,ONI,5.88
SBA,2011Q1,ONI,5.88
SHP,2011Q1,ONI,5.88
TMP,2011Q1,ONI,5.88
TTA,2011Q1,ONI,5.88
VPD,2011Q1,ONI,5.88
VSH,2011Q1,ONI,5.88
AVC,2011Q2,Alpha,2.94
DPG,2011Q2,Alpha,2.94
DRL,2011Q2,Alpha,2.94
GEG,2011Q2,Alpha,2.94
GHC,2011Q2,Alpha,2.94
HDG,2011Q2,Alpha,2.94
HNA,2011Q2,Alpha,2.94
HND,2011Q2,Alpha,8.33
NED,2011Q2,Alpha,2.94
NT2,2011Q2,Alpha,12.5
PC1,2011Q2,Alpha,2.94
POW,2011Q2,Alpha,12.5
PPC,2011Q2,Alpha,8.33
QTP,2011Q2,Alpha,8.33
REE,2011Q2,Alpha,2.94
S4A,2011Q2,Alpha,2.94
SBA,2011Q2,Alpha,2.94
SHP,2011Q2,Alpha,2.94
TMP,2011Q2,Alpha,2.94
TTA,2011Q2,Alpha,2.94
VPD,2011Q2,Alpha,2.94
VSH,2011Q2,Alpha,2.94
AVC,2011Q2,Equal_Weighted,2.94
DPG,2011Q2,Equal_Weighted,2.94
DRL,2011Q2,Equal_Weighted,2.94
GEG,2011Q2,Equal_Weighted,2.94
GHC,2011Q2,Equal_Weighted,2.94
HDG,2011Q2,Equal_Weighted,2.94
HNA,2011Q2,Equal_Weighted,2.94
HND,2011Q2,Equal_Weighted,8.33
NED,2011Q2,Equal_Weighted,2.94
NT2,2011Q2,Equal_Weighted,12.5
PC1,2011Q2,Equal_Weighted,2.94
POW,2011Q2,Equal_Weighted,12.5
PPC,2011Q2,Equal_Weighted,8.33
QTP,2011Q2,Equal_Weighted,8.33
REE,2011Q2,Equal_Weighted,2.94
S4A,2011Q2,Equal_Weighted,2.94
SBA,2011Q2,Equal_Weighted,2.94
SHP,2011Q2,Equal_Weighted,2.94
TMP,2011Q2,Equal_Weighted,2.94
TTA,2011Q2,Equal_Weighted,2.94
VPD,2011Q2,Equal_Weighted,2.94
VSH,2011Q2,Equal_Weighted,2.94
AVC,2011Q2,ONI,2.94
DPG,2011Q2,ONI,2.94
DRL,2011Q2,ONI,2.94
GEG,2011Q2,ONI,2.94
GHC,2011Q2,ONI,2.94
HDG,2011Q2,ONI,2.94
HNA,2011Q2,ONI,2.94
HND,2011Q2,ONI,8.33
NED,2011Q2,ONI,2.94
NT2,2011Q2,ONI,12.5
PC1,2011Q2,ONI,2.94
POW,2011Q2,ONI,12.5
PPC,2011Q2,ONI,8.33
QTP,2011Q2,ONI,8.33
REE,2011Q2,ONI,2.94
S4A,2011Q2,ONI,2.94
SBA,2011Q2,ONI,2.94
SHP,2011Q2,ONI,2.94
TMP,2011Q2,ONI,2.94
TTA,2011Q2,ONI,2.94
VPD,2011Q2,ONI,2.94
VSH,2011Q2,ONI,2.94
AVC,2011Q3,Alpha,5.88
DPG,2011Q3,Alpha,5.88
DRL,2011Q3,Alpha,5.88
GEG,2011Q3,Alpha,5.88
GHC,2011Q3,Alpha,5.88
HDG,2011Q3,Alpha,5.88
HNA,2011Q3,Alpha,5.88
NED,2011Q3,Alpha,5.88
PC1,2011Q3,Alpha,5.88
REE,2011Q3,Alpha,5.88
S4A,2011Q3,Alpha,5.88
SBA,2011Q3,Alpha,5.88
SHP,2011Q3,Alpha,5.88
TMP,2011Q3,Alpha,5.88
TTA,2011Q3,Alpha,5.88
VPD,2011Q3,Alpha,5.88
VSH,2011Q3,Alpha,5.88
AVC,2011Q3,Equal_Weighted,2.94
DPG,2011Q3,Equal_Weighted,2.94
DRL,2011Q3,Equal_Weighted,2.94
GEG,2011Q3,Equal_Weighted,2.94
GHC,2011Q3,Equal_Weighted,2.94
HDG,2011Q3,Equal_Weighted,2.94
HNA,2011Q3,Equal_Weighted,2.94
HND,2011Q3,Equal_Weighted,8.33
NED,2011Q3,Equal_Weighted,2.94
NT2,2011Q3,Equal_Weighted,12.5
PC1,2011Q3,Equal_Weighted,2.94
POW,2011Q3,Equal_Weighted,12.5
PPC,2011Q3,Equal_Weighted,8.33
QTP,2011Q3,Equal_Weighted,8.33
REE,2011Q3,Equal_Weighted,2.94
S4A,2011Q3,Equal_Weighted,2.94
SBA,2011Q3,Equal_Weighted,2.94
SHP,2011Q3,Equal_Weighted,2.94
TMP,2011Q3,Equal_Weighted,2.94
TTA,2011Q3,Equal_Weighted,2.94
VPD,2011Q3,Equal_Weighted,2.94
VSH,2011Q3,Equal_Weighted,2.94
AVC,2011Q3,ONI,5.88
DPG,2011Q3,ONI,5.88
DRL,2011Q3,ONI,5.88
GEG,2011Q3,ONI,5.88
GHC,2011Q3,ONI,5.88
HDG,2011Q3,ONI,5.88
HNA,2011Q3,ONI,5.88
NED,2011Q3,ONI,5.88
PC1,2011Q3,ONI,5.88
REE,2011Q3,ONI,5.88
S4A,2011Q3,ONI,5.88
SBA,2011Q3,ONI,5.88
SHP,2011Q3,ONI,5.88
TMP,2011Q3,ONI,5.88
TTA,2011Q3,ONI,5.88
VPD,2011Q3,ONI,5.88
VSH,2011Q3,ONI,5.88
AVC,2011Q4,Alpha,5.88
DPG,2011Q4,Alpha,5.88
DRL,2011Q4,Alpha,5.88
GEG,2011Q4,Alpha,5.88
GHC,2011Q4,Alpha,5.88
HDG,2011Q4,Alpha,5.88
HNA,2011Q4,Alpha,5.88
NED,2011Q4,Alpha,5.88
PC1,2011Q4,Alpha,5.88
REE,2011Q4,Alpha,5.88
S4A,2011Q4,Alpha,5.88
SBA,2011Q4,Alpha,5.88
SHP,2011Q4,Alpha,5.88
TMP,2011Q4,Alpha,5.88
TTA,2011Q4,Alpha,5.88
VPD,2011Q4,Alpha,5.88
VSH,2011Q4,Alpha,5.88
AVC,2011Q4,Equal_Weighted,2.94
DPG,2011Q4,Equal_Weighted,2.94
DRL,2011Q4,Equal_Weighted,2.94
GEG,2011Q4,Equal_Weighted,2.94
GHC,2011Q4,Equal_Weighted,2.94
HDG,2011Q4,Equal_Weighted,2.94
HNA,2011Q4,Equal_Weighted,2.94
HND,2011Q4,Equal_Weighted,8.33
NED,2011Q4,Equal_Weighted,2.94
NT2,2011Q4,Equal_Weighted,12.5
PC1,2011Q4,Equal_Weighted,2.94
POW,2011Q4,Equal_Weighted,12.5
PPC,2011Q4,Equal_Weighted,8.33
QTP,2011Q4,Equal_Weighted,8.33
REE,2011Q4,Equal_Weighted,2.94
S4A,2011Q4,Equal_Weighted,2.94
SBA,2011Q4,Equal_Weighted,2.94
SHP,2011Q4,Equal_Weighted,2.94
TMP,2011Q4,Equal_Weighted,2.94
TTA,2011Q4,Equal_Weighted,2.94
VPD,2011Q4,Equal_Weighted,2.94
VSH,2011Q4,Equal_Weighted,2.94
AVC,2011Q4,ONI,5.88
DPG,2011Q4,ONI,5.88
DRL,2011Q4,ONI,5.88
GEG,2011Q4,ONI,5.88
GHC,2011Q4,ONI,5.88
HDG,2011Q4,ONI,5.88
HNA,2011Q4,ONI,5.88
NED,2011Q4,ONI,5.88
PC1,2011Q4,ONI,5.88
REE,2011Q4,ONI,5.88
S4A,2011Q4,ONI,5.88
SBA,2011Q4,ONI,5.88
SHP,2011Q4,ONI,5.88
TMP,2011Q4,ONI,5.88
TTA,2011Q4,ONI,5.88
VPD,2011Q4,ONI,5.88
VSH,2011Q4,ONI,5.88
AVC,2012Q1,Alpha,5.88
DPG,2012Q1,Alpha,5.88
DRL,2012Q1,Alpha,5.88
GEG,2012Q1,Alpha,5.88
GHC,2012Q1,Alpha,5.88
HDG,2012Q1,Alpha,5.88
HNA,2012Q1,Alpha,5.88
NED,2012Q1,Alpha,5.88
PC1,2012Q1,Alpha,5.88
REE,2012Q1,Alpha,5.88
S4A,2012Q1,Alpha,5.88
SBA,2012Q1,Alpha,5.88
SHP,2012Q1,Alpha,5.88
TMP,2012Q1,Alpha,5.88
TTA,2012Q1,Alpha,5.88
VPD,2012Q1,Alpha,5.88
VSH,2012Q1,Alpha,5.88
AVC,2012Q1,Equal_Weighted,2.94
DPG,2012Q1,Equal_Weighted,2.94
DRL,2012Q1,Equal_Weighted,2.94
GEG,2012Q1,Equal_Weighted,2.94
GHC,2012Q1,Equal_Weighted,2.94
HDG,2012Q1,Equal_Weighted,2.94
HNA,2012Q1,Equal_Weighted,2.94
HND,2012Q1,Equal_Weighted,8.33
NED,2012Q1,Equal_Weighted,2.94
NT2,2012Q1,Equal_Weighted,12.5
PC1,2012Q1,Equal_Weighted,2.94
POW,2012Q1,Equal_Weighted,12.5
PPC,2012Q1,Equal_Weighted,8.33
QTP,2012Q1,Equal_Weighted,8.33
REE,2012Q1,Equal_Weighted,2.94
S4A,2012Q1,Equal_Weighted,2.94
SBA,2012Q1,Equal_Weighted,2.94
SHP,2012Q1,Equal_Weighted,2.94
TMP,2012Q1,Equal_Weighted,2.94
TTA,2012Q1,Equal_Weighted,2.94
VPD,2012Q1,Equal_Weighted,2.94
VSH,2012Q1,Equal_Weighted,2.94
AVC,2012Q1,ONI,5.88
DPG,2012Q1,ONI,5.88
DRL,2012Q1,ONI,5.88
GEG,2012Q1,ONI,5.88
GHC,2012Q1,ONI,5.88
HDG,2012Q1,ONI,5.88
HNA,2012Q1,ONI,5.88
NED,2012Q1,ONI,5.88
PC1,2012Q1,ONI,5.88
REE,2012Q1,ONI,5.88
S4A,2012Q1,ONI,5.88
SBA,2012Q1,ONI,5.88
SHP,2012Q1,ONI,5.88
TMP,2012Q1,ONI,5.88
TTA,2012Q1,ONI,5.88
VPD,2012Q1,ONI,5.88
VSH,2012Q1,ONI,5.88
AVC,2012Q2,Alpha,2.94
DPG,2012Q2,Alpha,2.94
DRL,2012Q2,Alpha,2.94
GEG,2012Q2,Alpha,2.94
GHC,2012Q2,Alpha,2.94
HDG,2012Q2,Alpha,2.94
HNA,2012Q2,Alpha,2.94
HND,2012Q2,Alpha,8.33
NED,2012Q2,Alpha,2.94
NT2,2012Q2,Alpha,12.5
PC1,2012Q2,Alpha,2.94
POW,2012Q2,Alpha,12.5
PPC,2012Q2,Alpha,8.33
QTP,2012Q2,Alpha,8.33
REE,2012Q2,Alpha,2.94
S4A,2012Q2,Alpha,2.94
SBA,2012Q2,Alpha,2.94
SHP,2012Q2,Alpha,2.94
TMP,2012Q2,Alpha,2.94
TTA,2012Q2,Alpha,2.94
VPD,2012Q2,Alpha,2.94
VSH,2012Q2,Alpha,2.94
AVC,2012Q2,Equal_Weighted,2.94
DPG,2012Q2,Equal_Weighted,2.94
DRL,2012Q2,Equal_Weighted,2.94
GEG,2012Q2,Equal_Weighted,2.94
GHC,2012Q2,Equal_Weighted,2.94
HDG,2012Q2,Equal_Weighted,2.94
HNA,2012Q2,Equal_Weighted,2.94
HND,2012Q2,Equal_Weighted,8.33
NED,2012Q2,Equal_Weighted,2.94
NT2,2012Q2,Equal_Weighted,12.5
PC1,2012Q2,Equal_Weighted,2.94
POW,2012Q2,Equal_Weighted,12.5
PPC,2012Q2,Equal_Weighted,8.33
QTP,2012Q2,Equal_Weighted,8.33
REE,2012Q2,Equal_Weighted,2.94
S4A,2012Q2,Equal_Weighted,2.94
SBA,2012Q2,Equal_Weighted,2.94
SHP,2012Q2,Equal_Weighted,2.94
TMP,2012Q2,Equal_Weighted,2.94
TTA,2012Q2,Equal_Weighted,2.94
VPD,2012Q2,Equal_Weighted,2.94
VSH,2012Q2,Equal_Weighted,2.94
AVC,2012Q2,ONI,2.94
DPG,2012Q2,ONI,2.94
DRL,2012Q2,ONI,2.94
GEG,2012Q2,ONI,2.94
GHC,2012Q2,ONI,2.94
HDG,2012Q2,ONI,2.94
HNA,2012Q2,ONI,2.94
HND,2012Q2,ONI,8.33
NED,2012Q2,ONI,2.94
NT2,2012Q2,ONI,12.5
PC1,2012Q2,ONI,2.94
POW,2012Q2,ONI,12.5
PPC,2012Q2,ONI,8.33
QTP,2012Q2,ONI,8.33
REE,2012Q2,ONI,2.94
S4A,2012Q2,ONI,2.94
SBA,2012Q2,ONI,2.94
SHP,2012Q2,ONI,2.94
TMP,2012Q2,ONI,2.94
TTA,2012Q2,ONI,2.94
VPD,2012Q2,ONI,2.94
VSH,2012Q2,ONI,2.94
AVC,2012Q3,Alpha,2.94
DPG,2012Q3,Alpha,2.94
DRL,2012Q3,Alpha,2.94
GEG,2012Q3,Alpha,2.94
GHC,2012Q3,Alpha,2.94
HDG,2012Q3,Alpha,2.94
HNA,2012Q3,Alpha,2.94
HND,2012Q3,Alpha,8.33
NED,2012Q3,Alpha,2.94
NT2,2012Q3,Alpha,12.5
PC1,2012Q3,Alpha,2.94
POW,2012Q3,Alpha,12.5
PPC,2012Q3,Alpha,8.33
QTP,2012Q3,Alpha,8.33
REE,2012Q3,Alpha,2.94
S4A,2012Q3,Alpha,2.94
SBA,2012Q3,Alpha,2.94
SHP,2012Q3,Alpha,2.94
TMP,2012Q3,Alpha,2.94
TTA,2012Q3,Alpha,2.94
VPD,2012Q3,Alpha,2.94
VSH,2012Q3,Alpha,2.94
AVC,2012Q3,Equal_Weighted,2.94
DPG,2012Q3,Equal_Weighted,2.94
DRL,2012Q3,Equal_Weighted,2.94
GEG,2012Q3,Equal_Weighted,2.94
GHC,2012Q3,Equal_Weighted,2.94
HDG,2012Q3,Equal_Weighted,2.94
HNA,2012Q3,Equal_Weighted,2.94
HND,2012Q3,Equal_Weighted,8.33
NED,2012Q3,Equal_Weighted,2.94
NT2,2012Q3,Equal_Weighted,12.5
PC1,2012Q3,Equal_Weighted,2.94
POW,2012Q3,Equal_Weighted,12.5
PPC,2012Q3,Equal_Weighted,8.33
QTP,2012Q3,Equal_Weighted,8.33
REE,2012Q3,Equal_Weighted,2.94
S4A,2012Q3,Equal_Weighted,2.94
SBA,2012Q3,Equal_Weighted,2.94
SHP,2012Q3,Equal_Weighted,2.94
TMP,2012Q3,Equal_Weighted,2.94
TTA,2012Q3,Equal_Weighted,2.94
VPD,2012Q3,Equal_Weighted,2.94
VSH,2012Q3,Equal_Weighted,2.94
AVC,2012Q3,ONI,2.94
DPG,2012Q3,ONI,2.94
DRL,2012Q3,ONI,2.94
GEG,2012Q3,ONI,2.94
GHC,2012Q3,ONI,2.94
HDG,2012Q3,ONI,2.94
HNA,2012Q3,ONI,2.94
HND,2012Q3,ONI,8.33
NED,2012Q3,ONI,2.94
NT2,2012Q3,ONI,12.5
PC1,2012Q3,ONI,2.94
POW,2012Q3,ONI,12.5
PPC,2012Q3,ONI,8.33
QTP,2012Q3,ONI,8.33
REE,2012Q3,ONI,2.94
S4A,2012Q3,ONI,2.94
SBA,2012Q3,ONI,2.94
SHP,2012Q3,ONI,2.94
TMP,2012Q3,ONI,2.94
TTA,2012Q3,ONI,2.94
VPD,2012Q3,ONI,2.94
VSH,2012Q3,ONI,2.94
AVC,2012Q4,Alpha,2.94
DPG,2012Q4,Alpha,2.94
DRL,2012Q4,Alpha,2.94
GEG,2012Q4,Alpha,2.94
GHC,2012Q4,Alpha,2.94
HDG,2012Q4,Alpha,2.94
HNA,2012Q4,Alpha,2.94
HND,2012Q4,Alpha,8.33
NED,2012Q4,Alpha,2.94
NT2,2012Q4,Alpha,12.5
PC1,2012Q4,Alpha,2.94
POW,2012Q4,Alpha,12.5
PPC,2012Q4,Alpha,8.33
QTP,2012Q4,Alpha,8.33
REE,2012Q4,Alpha,2.94
S4A,2012Q4,Alpha,2.94
SBA,2012Q4,Alpha,2.94
SHP,2012Q4,Alpha,2.94
TMP,2012Q4,Alpha,2.94
TTA,2012Q4,Alpha,2.94
VPD,2012Q4,Alpha,2.94
VSH,2012Q4,Alpha,2.94
AVC,2012Q4,Equal_Weighted,2.94
DPG,2012Q4,Equal_Weighted,2.94
DRL,2012Q4,Equal_Weighted,2.94
GEG,2012Q4,Equal_Weighted,2.94
GHC,2012Q4,Equal_Weighted,2.94
HDG,2012Q4,Equal_Weighted,2.94
HNA,2012Q4,Equal_Weighted,2.94
HND,2012Q4,Equal_Weighted,8.33
NED,2012Q4,Equal_Weighted,2.94
NT2,2012Q4,Equal_Weighted,12.5
PC1,2012Q4,Equal_Weighted,2.94
POW,2012Q4,Equal_Weighted,12.5
PPC,2012Q4,Equal_Weighted,8.33
QTP,2012Q4,Equal_Weighted,8.33
REE,2012Q4,Equal_Weighted,2.94
S4A,2012Q4,Equal_Weighted,2.94
SBA,2012Q4,Equal_Weighted,2.94
SHP,2012Q4,Equal_Weighted,2.94
TMP,2012Q4,Equal_Weighted,2.94
TTA,2012Q4,Equal_Weighted,2.94
VPD,2012Q4,Equal_Weighted,2.94
VSH,2012Q4,Equal_Weighted,2.94
AVC,2012Q4,ONI,2.94
DPG,2012Q4,ONI,2.94
DRL,2012Q4,ONI,2.94
GEG,2012Q4,ONI,2.94
GHC,2012Q4,ONI,2.94
HDG,2012Q4,ONI,2.94
HNA,2012Q4,ONI,2.94
HND,2012Q4,ONI,8.33
NED,2012Q4,ONI,2.94
NT2,2012Q4,ONI,12.5
PC1,2012Q4,ONI,2.94
POW,2012Q4,ONI,12.5
PPC,2012Q4,ONI,8.33
QTP,2012Q4,ONI,8.33
REE,2012Q4,ONI,2.94
S4A,2012Q4,ONI,2.94
SBA,2012Q4,ONI,2.94
SHP,2012Q4,ONI,2.94
TMP,2012Q4,ONI,2.94
TTA,2012Q4,ONI,2.94
VPD,2012Q4,ONI,2.94
VSH,2012Q4,ONI,2.94
AVC,2013Q1,Alpha,2.94
DPG,2013Q1,Alpha,2.94
DRL,2013Q1,Alpha,2.94
GEG,2013Q1,Alpha,2.94
GHC,2013Q1,Alpha,2.94
HDG,2013Q1,Alpha,2.94
HNA,2013Q1,Alpha,2.94
HND,2013Q1,Alpha,8.33
NED,2013Q1,Alpha,2.94
NT2,2013Q1,Alpha,12.5
PC1,2013Q1,Alpha,2.94
POW,2013Q1,Alpha,12.5
PPC,2013Q1,Alpha,8.33
QTP,2013Q1,Alpha,8.33
REE,2013Q1,Alpha,2.94
S4A,2013Q1,Alpha,2.94
SBA,2013Q1,Alpha,2.94
SHP,2013Q1,Alpha,2.94
TMP,2013Q1,Alpha,2.94
TTA,2013Q1,Alpha,2.94
VPD,2013Q1,Alpha,2.94
VSH,2013Q1,Alpha,2.94
AVC,2013Q1,Equal_Weighted,2.94
DPG,2013Q1,Equal_Weighted,2.94
DRL,2013Q1,Equal_Weighted,2.94
GEG,2013Q1,Equal_Weighted,2.94
GHC,2013Q1,Equal_Weighted,2.94
HDG,2013Q1,Equal_Weighted,2.94
HNA,2013Q1,Equal_Weighted,2.94
HND,2013Q1,Equal_Weighted,8.33
NED,2013Q1,Equal_Weighted,2.94
NT2,2013Q1,Equal_Weighted,12.5
PC1,2013Q1,Equal_Weighted,2.94
POW,2013Q1,Equal_Weighted,12.5
PPC,2013Q1,Equal_Weighted,8.33
QTP,2013Q1,Equal_Weighted,8.33
REE,2013Q1,Equal_Weighted,2.94
S4A,2013Q1,Equal_Weighted,2.94
SBA,2013Q1,Equal_Weighted,2.94
SHP,2013Q1,Equal_Weighted,2.94
TMP,2013Q1,Equal_Weighted,2.94
TTA,2013Q1,Equal_Weighted,2.94
VPD,2013Q1,Equal_Weighted,2.94
VSH,2013Q1,Equal_Weighted,2.94
AVC,2013Q1,ONI,2.94
DPG,2013Q1,ONI,2.94
DRL,2013Q1,ONI,2.94
GEG,2013Q1,ONI,2.94
GHC,2013Q1,ONI,2.94
HDG,2013Q1,ONI,2.94
HNA,2013Q1,ONI,2.94
HND,2013Q1,ONI,8.33
NED,2013Q1,ONI,2.94
NT2,2013Q1,ONI,12.5
PC1,2013Q1,ONI,2.94
POW,2013Q1,ONI,12.5
PPC,2013Q1,ONI,8.33
QTP,2013Q1,ONI,8.33
REE,2013Q1,ONI,2.94
S4A,2013Q1,ONI,2.94
SBA,2013Q1,ONI,2.94
SHP,2013Q1,ONI,2.94
TMP,2013Q1,ONI,2.94
TTA,2013Q1,ONI,2.94
VPD,2013Q1,ONI,2.94
VSH,2013Q1,ONI,2.94
AVC,2013Q2,Alpha,2.94
DPG,2013Q2,Alpha,2.94
DRL,2013Q2,Alpha,2.94
GEG,2013Q2,Alpha,2.94
GHC,2013Q2,Alpha,2.94
HDG,2013Q2,Alpha,2.94
HNA,2013Q2,Alpha,2.94
HND,2013Q2,Alpha,8.33
NED,2013Q2,Alpha,2.94
NT2,2013Q2,Alpha,12.5
PC1,2013Q2,Alpha,2.94
POW,2013Q2,Alpha,12.5
PPC,2013Q2,Alpha,8.33
QTP,2013Q2,Alpha,8.33
REE,2013Q2,Alpha,2.94
S4A,2013Q2,Alpha,2.94
SBA,2013Q2,Alpha,2.94
SHP,2013Q2,Alpha,2.94
TMP,2013Q2,Alpha,2.94
TTA,2013Q2,Alpha,2.94
VPD,2013Q2,Alpha,2.94
VSH,2013Q2,Alpha,2.94
AVC,2013Q2,Equal_Weighted,2.94
DPG,2013Q2,Equal_Weighted,2.94
DRL,2013Q2,Equal_Weighted,2.94
GEG,2013Q2,Equal_Weighted,2.94
GHC,2013Q2,Equal_Weighted,2.94
HDG,2013Q2,Equal_Weighted,2.94
HNA,2013Q2,Equal_Weighted,2.94
HND,2013Q2,Equal_Weighted,8.33
NED,2013Q2,Equal_Weighted,2.94
NT2,2013Q2,Equal_Weighted,12.5
PC1,2013Q2,Equal_Weighted,2.94
POW,2013Q2,Equal_Weighted,12.5
PPC,2013Q2,Equal_Weighted,8.33
QTP,2013Q2,Equal_Weighted,8.33
REE,2013Q2,Equal_Weighted,2.94
S4A,2013Q2,Equal_Weighted,2.94
SBA,2013Q2,Equal_Weighted,2.94
SHP,2013Q2,Equal_Weighted,2.94
TMP,2013Q2,Equal_Weighted,2.94
TTA,2013Q2,Equal_Weighted,2.94
VPD,2013Q2,Equal_Weighted,2.94
VSH,2013Q2,Equal_Weighted,2.94
AVC,2013Q2,ONI,2.94
DPG,2013Q2,ONI,2.94
DRL,2013Q2,ONI,2.94
GEG,2013Q2,ONI,2.94
GHC,2013Q2,ONI,2.94
HDG,2013Q2,ONI,2.94
HNA,2013Q2,ONI,2.94
HND,2013Q2,ONI,8.33
NED,2013Q2,ONI,2.94
NT2,2013Q2,ONI,12.5
PC1,2013Q2,ONI,2.94
POW,2013Q2,ONI,12.5
PPC,2013Q2,ONI,8.33
QTP,2013Q2,ONI,8.33
REE,2013Q2,ONI,2.94
S4A,2013Q2,ONI,2.94
SBA,2013Q2,ONI,2.94
SHP,2013Q2,ONI,2.94
TMP,2013Q2,ONI,2.94
TTA,2013Q2,ONI,2.94
VPD,2013Q2,ONI,2.94
VSH,2013Q2,ONI,2.94
AVC,2013Q3,Alpha,2.94
DPG,2013Q3,Alpha,2.94
DRL,2013Q3,Alpha,2.94
GEG,2013Q3,Alpha,2.94
GHC,2013Q3,Alpha,2.94
HDG,2013Q3,Alpha,2.94
HNA,2013Q3,Alpha,2.94
HND,2013Q3,Alpha,8.33
NED,2013Q3,Alpha,2.94
NT2,2013Q3,Alpha,12.5
PC1,2013Q3,Alpha,2.94
POW,2013Q3,Alpha,12.5
PPC,2013Q3,Alpha,8.33
QTP,2013Q3,Alpha,8.33
REE,2013Q3,Alpha,2.94
S4A,2013Q3,Alpha,2.94
SBA,2013Q3,Alpha,2.94
SHP,2013Q3,Alpha,2.94
TMP,2013Q3,Alpha,2.94
TTA,2013Q3,Alpha,2.94
VPD,2013Q3,Alpha,2.94
VSH,2013Q3,Alpha,2.94
AVC,2013Q3,Equal_Weighted,2.94
DPG,2013Q3,Equal_Weighted,2.94
DRL,2013Q3,Equal_Weighted,2.94
GEG,2013Q3,Equal_Weighted,2.94
GHC,2013Q3,Equal_Weighted,2.94
HDG,2013Q3,Equal_Weighted,2.94
HNA,2013Q3,Equal_Weighted,2.94
HND,2013Q3,Equal_Weighted,8.33
NED,2013Q3,Equal_Weighted,2.94
NT2,2013Q3,Equal_Weighted,12.5
PC1,2013Q3,Equal_Weighted,2.94
POW,2013Q3,Equal_Weighted,12.5
PPC,2013Q3,Equal_Weighted,8.33
QTP,2013Q3,Equal_Weighted,8.33
REE,2013Q3,Equal_Weighted,2.94
S4A,2013Q3,Equal_Weighted,2.94
SBA,2013Q3,Equal_Weighted,2.94
SHP,2013Q3,Equal_Weighted,2.94
TMP,2013Q3,Equal_Weighted,2.94
TTA,2013Q3,Equal_Weighted,2.94
VPD,2013Q3,Equal_Weighted,2.94
VSH,2013Q3,Equal_Weighted,2.94
AVC,2013Q3,ONI,2.94
DPG,2013Q3,ONI,2.94
DRL,2013Q3,ONI,2.94
GEG,2013Q3,ONI,2.94
GHC,2013Q3,ONI,2.94
HDG,2013Q3,ONI,2.94
HNA,2013Q3,ONI,2.94
HND,2013Q3,ONI,8.33
NED,2013Q3,ONI,2.94
NT2,2013Q3,ONI,12.5
PC1,2013Q3,ONI,2.94
POW,2013Q3,ONI,12.5
PPC,2013Q3,ONI,8.33
QTP,2013Q3,ONI,8.33
REE,2013Q3,ONI,2.94
S4A,2013Q3,ONI,2.94
SBA,2013Q3,ONI,2.94
SHP,2013Q3,ONI,2.94
TMP,2013Q3,ONI,2.94
TTA,2013Q3,ONI,2.94
VPD,2013Q3,ONI,2.94
VSH,2013Q3,ONI,2.94
AVC,2013Q4,Alpha,2.94
DPG,2013Q4,Alpha,2.94
DRL,2013Q4,Alpha,2.94
GEG,2013Q4,Alpha,2.94
GHC,2013Q4,Alpha,2.94
HDG,2013Q4,Alpha,2.94
HNA,2013Q4,Alpha,2.94
HND,2013Q4,Alpha,8.33
NED,2013Q4,Alpha,2.94
NT2,2013Q4,Alpha,12.5
PC1,2013Q4,Alpha,2.94
POW,2013Q4,Alpha,12.5
PPC,2013Q4,Alpha,8.33
QTP,2013Q4,Alpha,8.33
REE,2013Q4,Alpha,2.94
S4A,2013Q4,Alpha,2.94
SBA,2013Q4,Alpha,2.94
SHP,2013Q4,Alpha,2.94
TMP,2013Q4,Alpha,2.94
TTA,2013Q4,Alpha,2.94
VPD,2013Q4,Alpha,2.94
VSH,2013Q4,Alpha,2.94
AVC,2013Q4,Equal_Weighted,2.94
DPG,2013Q4,Equal_Weighted,2.94
DRL,2013Q4,Equal_Weighted,2.94
GEG,2013Q4,Equal_Weighted,2.94
GHC,2013Q4,Equal_Weighted,2.94
HDG,2013Q4,Equal_Weighted,2.94
HNA,2013Q4,Equal_Weighted,2.94
HND,2013Q4,Equal_Weighted,8.33
NED,2013Q4,Equal_Weighted,2.94
NT2,2013Q4,Equal_Weighted,12.5
PC1,2013Q4,Equal_Weighted,2.94
POW,2013Q4,Equal_Weighted,12.5
PPC,2013Q4,Equal_Weighted,8.33
QTP,2013Q4,Equal_Weighted,8.33
REE,2013Q4,Equal_Weighted,2.94
S4A,2013Q4,Equal_Weighted,2.94
SBA,2013Q4,Equal_Weighted,2.94
SHP,2013Q4,Equal_Weighted,2.94
TMP,2013Q4,Equal_Weighted,2.94
TTA,2013Q4,Equal_Weighted,2.94
VPD,2013Q4,Equal_Weighted,2.94
VSH,2013Q4,Equal_Weighted,2.94
AVC,2013Q4,ONI,2.94
DPG,2013Q4,ONI,2.94
DRL,2013Q4,ONI,2.94
GEG,2013Q4,ONI,2.94
GHC,2013Q4,ONI,2.94
HDG,2013Q4,ONI,2.94
HNA,2013Q4,ONI,2.94
HND,2013Q4,ONI,8.33
NED,2013Q4,ONI,2.94
NT2,2013Q4,ONI,12.5
PC1,2013Q4,ONI,2.94
POW,2013Q4,ONI,12.5
PPC,2013Q4,ONI,8.33
QTP,2013Q4,ONI,8.33
REE,2013Q4,ONI,2.94
S4A,2013Q4,ONI,2.94
SBA,2013Q4,ONI,2.94
SHP,2013Q4,ONI,2.94
TMP,2013Q4,ONI,2.94
TTA,2013Q4,ONI,2.94
VPD,2013Q4,ONI,2.94
VSH,2013Q4,ONI,2.94
AVC,2014Q1,Alpha,2.94
DPG,2014Q1,Alpha,2.94
DRL,2014Q1,Alpha,2.94
GEG,2014Q1,Alpha,2.94
GHC,2014Q1,Alpha,2.94
HDG,2014Q1,Alpha,2.94
HNA,2014Q1,Alpha,2.94
HND,2014Q1,Alpha,8.33
NED,2014Q1,Alpha,2.94
NT2,2014Q1,Alpha,12.5
PC1,2014Q1,Alpha,2.94
POW,2014Q1,Alpha,12.5
PPC,2014Q1,Alpha,8.33
QTP,2014Q1,Alpha,8.33
REE,2014Q1,Alpha,2.94
S4A,2014Q1,Alpha,2.94
SBA,2014Q1,Alpha,2.94
SHP,2014Q1,Alpha,2.94
TMP,2014Q1,Alpha,2.94
TTA,2014Q1,Alpha,2.94
VPD,2014Q1,Alpha,2.94
VSH,2014Q1,Alpha,2.94
AVC,2014Q1,Equal_Weighted,2.94
DPG,2014Q1,Equal_Weighted,2.94
DRL,2014Q1,Equal_Weighted,2.94
GEG,2014Q1,Equal_Weighted,2.94
GHC,2014Q1,Equal_Weighted,2.94
HDG,2014Q1,Equal_Weighted,2.94
HNA,2014Q1,Equal_Weighted,2.94
HND,2014Q1,Equal_Weighted,8.33
NED,2014Q1,Equal_Weighted,2.94
NT2,2014Q1,Equal_Weighted,12.5
PC1,2014Q1,Equal_Weighted,2.94
POW,2014Q1,Equal_Weighted,12.5
PPC,2014Q1,Equal_Weighted,8.33
QTP,2014Q1,Equal_Weighted,8.33
REE,2014Q1,Equal_Weighted,2.94
S4A,2014Q1,Equal_Weighted,2.94
SBA,2014Q1,Equal_Weighted,2.94
SHP,2014Q1,Equal_Weighted,2.94
TMP,2014Q1,Equal_Weighted,2.94
TTA,2014Q1,Equal_Weighted,2.94
VPD,2014Q1,Equal_Weighted,2.94
VSH,2014Q1,Equal_Weighted,2.94
AVC,2014Q1,ONI,2.94
DPG,2014Q1,ONI,2.94
DRL,2014Q1,ONI,2.94
GEG,2014Q1,ONI,2.94
GHC,2014Q1,ONI,2.94
HDG,2014Q1,ONI,2.94
HNA,2014Q1,ONI,2.94
HND,2014Q1,ONI,8.33
NED,2014Q1,ONI,2.94
NT2,2014Q1,ONI,12.5
PC1,2014Q1,ONI,2.94
POW,2014Q1,ONI,12.5
PPC,2014Q1,ONI,8.33
QTP,2014Q1,ONI,8.33
REE,2014Q1,ONI,2.94
S4A,2014Q1,ONI,2.94
SBA,2014Q1,ONI,2.94
SHP,2014Q1,ONI,2.94
TMP,2014Q1,ONI,2.94
TTA,2014Q1,ONI,2.94
VPD,2014Q1,ONI,2.94
VSH,2014Q1,ONI,2.94
AVC,2014Q2,Alpha,2.94
DPG,2014Q2,Alpha,2.94
DRL,2014Q2,Alpha,2.94
GEG,2014Q2,Alpha,2.94
GHC,2014Q2,Alpha,2.94
HDG,2014Q2,Alpha,2.94
HNA,2014Q2,Alpha,2.94
HND,2014Q2,Alpha,8.33
NED,2014Q2,Alpha,2.94
NT2,2014Q2,Alpha,12.5
PC1,2014Q2,Alpha,2.94
POW,2014Q2,Alpha,12.5
PPC,2014Q2,Alpha,8.33
QTP,2014Q2,Alpha,8.33
REE,2014Q2,Alpha,2.94
S4A,2014Q2,Alpha,2.94
SBA,2014Q2,Alpha,2.94
SHP,2014Q2,Alpha,2.94
TMP,2014Q2,Alpha,2.94
TTA,2014Q2,Alpha,2.94
VPD,2014Q2,Alpha,2.94
VSH,2014Q2,Alpha,2.94
AVC,2014Q2,Equal_Weighted,2.94
DPG,2014Q2,Equal_Weighted,2.94
DRL,2014Q2,Equal_Weighted,2.94
GEG,2014Q2,Equal_Weighted,2.94
GHC,2014Q2,Equal_Weighted,2.94
HDG,2014Q2,Equal_Weighted,2.94
HNA,2014Q2,Equal_Weighted,2.94
HND,2014Q2,Equal_Weighted,8.33
NED,2014Q2,Equal_Weighted,2.94
NT2,2014Q2,Equal_Weighted,12.5
PC1,2014Q2,Equal_Weighted,2.94
POW,2014Q2,Equal_Weighted,12.5
PPC,2014Q2,Equal_Weighted,8.33
QTP,2014Q2,Equal_Weighted,8.33
REE,2014Q2,Equal_Weighted,2.94
S4A,2014Q2,Equal_Weighted,2.94
SBA,2014Q2,Equal_Weighted,2.94
SHP,2014Q2,Equal_Weighted,2.94
TMP,2014Q2,Equal_Weighted,2.94
TTA,2014Q2,Equal_Weighted,2.94
VPD,2014Q2,Equal_Weighted,2.94
VSH,2014Q2,Equal_Weighted,2.94
AVC,2014Q2,ONI,2.94
DPG,2014Q2,ONI,2.94
DRL,2014Q2,ONI,2.94
GEG,2014Q2,ONI,2.94
GHC,2014Q2,ONI,2.94
HDG,2014Q2,ONI,2.94
HNA,2014Q2,ONI,2.94
HND,2014Q2,ONI,8.33
NED,2014Q2,ONI,2.94
NT2,2014Q2,ONI,12.5
PC1,2014Q2,ONI,2.94
POW,2014Q2,ONI,12.5
PPC,2014Q2,ONI,8.33
QTP,2014Q2,ONI,8.33
REE,2014Q2,ONI,2.94
S4A,2014Q2,ONI,2.94
SBA,2014Q2,ONI,2.94
SHP,2014Q2,ONI,2.94
TMP,2014Q2,ONI,2.94
TTA,2014Q2,ONI,2.94
VPD,2014Q2,ONI,2.94
VSH,2014Q2,ONI,2.94
AVC,2014Q3,Alpha,2.94
DPG,2014Q3,Alpha,2.94
DRL,2014Q3,Alpha,2.94
GEG,2014Q3,Alpha,2.94
GHC,2014Q3,Alpha,2.94
HDG,2014Q3,Alpha,2.94
HNA,2014Q3,Alpha,2.94
HND,2014Q3,Alpha,8.33
NED,2014Q3,Alpha,2.94
NT2,2014Q3,Alpha,12.5
PC1,2014Q3,Alpha,2.94
POW,2014Q3,Alpha,12.5
PPC,2014Q3,Alpha,8.33
QTP,2014Q3,Alpha,8.33
REE,2014Q3,Alpha,2.94
S4A,2014Q3,Alpha,2.94
SBA,2014Q3,Alpha,2.94
SHP,2014Q3,Alpha,2.94
TMP,2014Q3,Alpha,2.94
TTA,2014Q3,Alpha,2.94
VPD,2014Q3,Alpha,2.94
VSH,2014Q3,Alpha,2.94
AVC,2014Q3,Equal_Weighted,2.94
DPG,2014Q3,Equal_Weighted,2.94
DRL,2014Q3,Equal_Weighted,2.94
GEG,2014Q3,Equal_Weighted,2.94
GHC,2014Q3,Equal_Weighted,2.94
HDG,2014Q3,Equal_Weighted,2.94
HNA,2014Q3,Equal_Weighted,2.94
HND,2014Q3,Equal_Weighted,8.33
NED,2014Q3,Equal_Weighted,2.94
NT2,2014Q3,Equal_Weighted,12.5
PC1,2014Q3,Equal_Weighted,2.94
POW,2014Q3,Equal_Weighted,12.5
PPC,2014Q3,Equal_Weighted,8.33
QTP,2014Q3,Equal_Weighted,8.33
REE,2014Q3,Equal_Weighted,2.94
S4A,2014Q3,Equal_Weighted,2.94
SBA,2014Q3,Equal_Weighted,2.94
SHP,2014Q3,Equal_Weighted,2.94
TMP,2014Q3,Equal_Weighted,2.94
TTA,2014Q3,Equal_Weighted,2.94
VPD,2014Q3,Equal_Weighted,2.94
VSH,2014Q3,Equal_Weighted,2.94
AVC,2014Q3,ONI,2.94
DPG,2014Q3,ONI,2.94
DRL,2014Q3,ONI,2.94
GEG,2014Q3,ONI,2.94
GHC,2014Q3,ONI,2.94
HDG,2014Q3,ONI,2.94
HNA,2014Q3,ONI,2.94
HND,2014Q3,ONI,8.33
NED,2014Q3,ONI,2.94
NT2,2014Q3,ONI,12.5
PC1,2014Q3,ONI,2.94
POW,2014Q3,ONI,12.5
PPC,2014Q3,ONI,8.33
QTP,2014Q3,ONI,8.33
REE,2014Q3,ONI,2.94
S4A,2014Q3,ONI,2.94
SBA,2014Q3,ONI,2.94
SHP,2014Q3,ONI,2.94
TMP,2014Q3,ONI,2.94
TTA,2014Q3,ONI,2.94
VPD,2014Q3,ONI,2.94
VSH,2014Q3,ONI,2.94
HND,2014Q4,Alpha,16.67
NT2,2014Q4,Alpha,25.0
POW,2014Q4,Alpha,25.0
PPC,2014Q4,Alpha,16.67
QTP,2014Q4,Alpha,16.67
AVC,2014Q4,Equal_Weighted,2.94
DPG,2014Q4,Equal_Weighted,2.94
DRL,2014Q4,Equal_Weighted,2.94
GEG,2014Q4,Equal_Weighted,2.94
GHC,2014Q4,Equal_Weighted,2.94
HDG,2014Q4,Equal_Weighted,2.94
HNA,2014Q4,Equal_Weighted,2.94
HND,2014Q4,Equal_Weighted,8.33
NED,2014Q4,Equal_Weighted,2.94
NT2,2014Q4,Equal_Weighted,12.5
PC1,2014Q4,Equal_Weighted,2.94
POW,2014Q4,Equal_Weighted,12.5
PPC,2014Q4,Equal_Weighted,8.33
QTP,2014Q4,Equal_Weighted,8.33
REE,2014Q4,Equal_Weighted,2.94
S4A,2014Q4,Equal_Weighted,2.94
SBA,2014Q4,Equal_Weighted,2.94
SHP,2014Q4,Equal_Weighted,2.94
TMP,2014Q4,Equal_Weighted,2.94
TTA,2014Q4,Equal_Weighted,2.94
VPD,2014Q4,Equal_Weighted,2.94
VSH,2014Q4,Equal_Weighted,2.94
HND,2014Q4,ONI,16.67
NT2,2014Q4,ONI,25.0
POW,2014Q4,ONI,25.0
PPC,2014Q4,ONI,16.67
QTP,2014Q4,ONI,16.67
HND,2015Q1,Alpha,16.67
NT2,2015Q1,Alpha,25.0
POW,2015Q1,Alpha,25.0
PPC,2015Q1,Alpha,16.67
QTP,2015Q1,Alpha,16.67
AVC,2015Q1,Equal_Weighted,2.94
DPG,2015Q1,Equal_Weighted,2.94
DRL,2015Q1,Equal_Weighted,2.94
GEG,2015Q1,Equal_Weighted,2.94
GHC,2015Q1,Equal_Weighted,2.94
HDG,2015Q1,Equal_Weighted,2.94
HNA,2015Q1,Equal_Weighted,2.94
HND,2015Q1,Equal_Weighted,8.33
NED,2015Q1,Equal_Weighted,2.94
NT2,2015Q1,Equal_Weighted,12.5
PC1,2015Q1,Equal_Weighted,2.94
POW,2015Q1,Equal_Weighted,12.5
PPC,2015Q1,Equal_Weighted,8.33
QTP,2015Q1,Equal_Weighted,8.33
REE,2015Q1,Equal_Weighted,2.94
S4A,2015Q1,Equal_Weighted,2.94
SBA,2015Q1,Equal_Weighted,2.94
SHP,2015Q1,Equal_Weighted,2.94
TMP,2015Q1,Equal_Weighted,2.94
TTA,2015Q1,Equal_Weighted,2.94
VPD,2015Q1,Equal_Weighted,2.94
VSH,2015Q1,Equal_Weighted,2.94
HND,2015Q1,ONI,16.67
NT2,2015Q1,ONI,25.0
POW,2015Q1,ONI,25.0
PPC,2015Q1,ONI,16.67
QTP,2015Q1,ONI,16.67
HND,2015Q2,Alpha,16.67
NT2,2015Q2,Alpha,25.0
POW,2015Q2,Alpha,25.0
PPC,2015Q2,Alpha,16.67
QTP,2015Q2,Alpha,16.67
AVC,2015Q2,Equal_Weighted,2.94
DPG,2015Q2,Equal_Weighted,2.94
DRL,2015Q2,Equal_Weighted,2.94
GEG,2015Q2,Equal_Weighted,2.94
GHC,2015Q2,Equal_Weighted,2.94
HDG,2015Q2,Equal_Weighted,2.94
HNA,2015Q2,Equal_Weighted,2.94
HND,2015Q2,Equal_Weighted,8.33
NED,2015Q2,Equal_Weighted,2.94
NT2,2015Q2,Equal_Weighted,12.5
PC1,2015Q2,Equal_Weighted,2.94
POW,2015Q2,Equal_Weighted,12.5
PPC,2015Q2,Equal_Weighted,8.33
QTP,2015Q2,Equal_Weighted,8.33
REE,2015Q2,Equal_Weighted,2.94
S4A,2015Q2,Equal_Weighted,2.94
SBA,2015Q2,Equal_Weighted,2.94
SHP,2015Q2,Equal_Weighted,2.94
TMP,2015Q2,Equal_Weighted,2.94
TTA,2015Q2,Equal_Weighted,2.94
VPD,2015Q2,Equal_Weighted,2.94
VSH,2015Q2,Equal_Weighted,2.94
HND,2015Q2,ONI,16.67
NT2,2015Q2,ONI,25.0
POW,2015Q2,ONI,25.0
PPC,2015Q2,ONI,16.67
QTP,2015Q2,ONI,16.67
HND,2015Q3,Alpha,16.67
NT2,2015Q3,Alpha,25.0
POW,2015Q3,Alpha,25.0
PPC,2015Q3,Alpha,16.67
QTP,2015Q3,Alpha,16.67
AVC,2015Q3,Equal_Weighted,2.94
DPG,2015Q3,Equal_Weighted,2.94
DRL,2015Q3,Equal_Weighted,2.94
GEG,2015Q3,Equal_Weighted,2.94
GHC,2015Q3,Equal_Weighted,2.94
HDG,2015Q3,Equal_Weighted,2.94
HNA,2015Q3,Equal_Weighted,2.94
HND,2015Q3,Equal_Weighted,8.33
NED,2015Q3,Equal_Weighted,2.94
NT2,2015Q3,Equal_Weighted,12.5
PC1,2015Q3,Equal_Weighted,2.94
POW,2015Q3,Equal_Weighted,12.5
PPC,2015Q3,Equal_Weighted,8.33
QTP,2015Q3,Equal_Weighted,8.33
REE,2015Q3,Equal_Weighted,2.94
S4A,2015Q3,Equal_Weighted,2.94
SBA,2015Q3,Equal_Weighted,2.94
SHP,2015Q3,Equal_Weighted,2.94
TMP,2015Q3,Equal_Weighted,2.94
TTA,2015Q3,Equal_Weighted,2.94
VPD,2015Q3,Equal_Weighted,2.94
VSH,2015Q3,Equal_Weighted,2.94
HND,2015Q3,ONI,16.67
NT2,2015Q3,ONI,25.0
POW,2015Q3,ONI,25.0
PPC,2015Q3,ONI,16.67
QTP,2015Q3,ONI,16.67
HND,2015Q4,Alpha,16.67
NT2,2015Q4,Alpha,25.0
POW,2015Q4,Alpha,25.0
PPC,2015Q4,Alpha,16.67
QTP,2015Q4,Alpha,16.67
AVC,2015Q4,Equal_Weighted,2.94
DPG,2015Q4,Equal_Weighted,2.94
DRL,2015Q4,Equal_Weighted,2.94
GEG,2015Q4,Equal_Weighted,2.94
GHC,2015Q4,Equal_Weighted,2.94
HDG,2015Q4,Equal_Weighted,2.94
HNA,2015Q4,Equal_Weighted,2.94
HND,2015Q4,Equal_Weighted,8.33
NED,2015Q4,Equal_Weighted,2.94
NT2,2015Q4,Equal_Weighted,12.5
PC1,2015Q4,Equal_Weighted,2.94
POW,2015Q4,Equal_Weighted,12.5
PPC,2015Q4,Equal_Weighted,8.33
QTP,2015Q4,Equal_Weighted,8.33
REE,2015Q4,Equal_Weighted,2.94
S4A,2015Q4,Equal_Weighted,2.94
SBA,2015Q4,Equal_Weighted,2.94
SHP,2015Q4,Equal_Weighted,2.94
TMP,2015Q4,Equal_Weighted,2.94
TTA,2015Q4,Equal_Weighted,2.94
VPD,2015Q4,Equal_Weighted,2.94
VSH,2015Q4,Equal_Weighted,2.94
HND,2015Q4,ONI,16.67
NT2,2015Q4,ONI,25.0
POW,2015Q4,ONI,25.0
PPC,2015Q4,ONI,16.67
QTP,2015Q4,ONI,16.67
HND,2016Q1,Alpha,16.67
NT2,2016Q1,Alpha,25.0
POW,2016Q1,Alpha,25.0
PPC,2016Q1,Alpha,16.67
QTP,2016Q1,Alpha,16.67
AVC,2016Q1,Equal_Weighted,2.94
DPG,2016Q1,Equal_Weighted,2.94
DRL,2016Q1,Equal_Weighted,2.94
GEG,2016Q1,Equal_Weighted,2.94
GHC,2016Q1,Equal_Weighted,2.94
HDG,2016Q1,Equal_Weighted,2.94
HNA,2016Q1,Equal_Weighted,2.94
HND,2016Q1,Equal_Weighted,8.33
NED,2016Q1,Equal_Weighted,2.94
NT2,2016Q1,Equal_Weighted,12.5
PC1,2016Q1,Equal_Weighted,2.94
POW,2016Q1,Equal_Weighted,12.5
PPC,2016Q1,Equal_Weighted,8.33
QTP,2016Q1,Equal_Weighted,8.33
REE,2016Q1,Equal_Weighted,2.94
S4A,2016Q1,Equal_Weighted,2.94
SBA,2016Q1,Equal_Weighted,2.94
SHP,2016Q1,Equal_Weighted,2.94
TMP,2016Q1,Equal_Weighted,2.94
TTA,2016Q1,Equal_Weighted,2.94
VPD,2016Q1,Equal_Weighted,2.94
VSH,2016Q1,Equal_Weighted,2.94
HND,2016Q1,ONI,16.67
NT2,2016Q1,ONI,25.0
POW,2016Q1,ONI,25.0
PPC,2016Q1,ONI,16.67
QTP,2016Q1,ONI,16.67
AVC,2016Q2,Alpha,2.94
DPG,2016Q2,Alpha,2.94
DRL,2016Q2,Alpha,2.94
GEG,2016Q2,Alpha,2.94
GHC,2016Q2,Alpha,2.94
HDG,2016Q2,Alpha,2.94
HNA,2016Q2,Alpha,2.94
HND,2016Q2,Alpha,8.33
NED,2016Q2,Alpha,2.94
NT2,2016Q2,Alpha,12.5
PC1,2016Q2,Alpha,2.94
POW,2016Q2,Alpha,12.5
PPC,2016Q2,Alpha,8.33
QTP,2016Q2,Alpha,8.33
REE,2016Q2,Alpha,2.94
S4A,2016Q2,Alpha,2.94
SBA,2016Q2,Alpha,2.94
SHP,2016Q2,Alpha,2.94
TMP,2016Q2,Alpha,2.94
TTA,2016Q2,Alpha,2.94
VPD,2016Q2,Alpha,2.94
VSH,2016Q2,Alpha,2.94
AVC,2016Q2,Equal_Weighted,2.94
DPG,2016Q2,Equal_Weighted,2.94
DRL,2016Q2,Equal_Weighted,2.94
GEG,2016Q2,Equal_Weighted,2.94
GHC,2016Q2,Equal_Weighted,2.94
HDG,2016Q2,Equal_Weighted,2.94
HNA,2016Q2,Equal_Weighted,2.94
HND,2016Q2,Equal_Weighted,8.33
NED,2016Q2,Equal_Weighted,2.94
NT2,2016Q2,Equal_Weighted,12.5
PC1,2016Q2,Equal_Weighted,2.94
POW,2016Q2,Equal_Weighted,12.5
PPC,2016Q2,Equal_Weighted,8.33
QTP,2016Q2,Equal_Weighted,8.33
REE,2016Q2,Equal_Weighted,2.94
S4A,2016Q2,Equal_Weighted,2.94
SBA,2016Q2,Equal_Weighted,2.94
SHP,2016Q2,Equal_Weighted,2.94
TMP,2016Q2,Equal_Weighted,2.94
TTA,2016Q2,Equal_Weighted,2.94
VPD,2016Q2,Equal_Weighted,2.94
VSH,2016Q2,Equal_Weighted,2.94
AVC,2016Q2,ONI,2.94
DPG,2016Q2,ONI,2.94
DRL,2016Q2,ONI,2.94
GEG,2016Q2,ONI,2.94
GHC,2016Q2,ONI,2.94
HDG,2016Q2,ONI,2.94
HNA,2016Q2,ONI,2.94
HND,2016Q2,ONI,8.33
NED,2016Q2,ONI,2.94
NT2,2016Q2,ONI,12.5
PC1,2016Q2,ONI,2.94
POW,2016Q2,ONI,12.5
PPC,2016Q2,ONI,8.33
QTP,2016Q2,ONI,8.33
REE,2016Q2,ONI,2.94
S4A,2016Q2,ONI,2.94
SBA,2016Q2,ONI,2.94
SHP,2016Q2,ONI,2.94
TMP,2016Q2,ONI,2.94
TTA,2016Q2,ONI,2.94
VPD,2016Q2,ONI,2.94
VSH,2016Q2,ONI,2.94
AVC,2016Q3,Alpha,5.88
DPG,2016Q3,Alpha,5.88
DRL,2016Q3,Alpha,5.88
GEG,2016Q3,Alpha,5.88
GHC,2016Q3,Alpha,5.88
HDG,2016Q3,Alpha,5.88
HNA,2016Q3,Alpha,5.88
NED,2016Q3,Alpha,5.88
PC1,2016Q3,Alpha,5.88
REE,2016Q3,Alpha,5.88
S4A,2016Q3,Alpha,5.88
SBA,2016Q3,Alpha,5.88
SHP,2016Q3,Alpha,5.88
TMP,2016Q3,Alpha,5.88
TTA,2016Q3,Alpha,5.88
VPD,2016Q3,Alpha,5.88
VSH,2016Q3,Alpha,5.88
AVC,2016Q3,Equal_Weighted,2.94
DPG,2016Q3,Equal_Weighted,2.94
DRL,2016Q3,Equal_Weighted,2.94
GEG,2016Q3,Equal_Weighted,2.94
GHC,2016Q3,Equal_Weighted,2.94
HDG,2016Q3,Equal_Weighted,2.94
HNA,2016Q3,Equal_Weighted,2.94
HND,2016Q3,Equal_Weighted,8.33
NED,2016Q3,Equal_Weighted,2.94
NT2,2016Q3,Equal_Weighted,12.5
PC1,2016Q3,Equal_Weighted,2.94
POW,2016Q3,Equal_Weighted,12.5
PPC,2016Q3,Equal_Weighted,8.33
QTP,2016Q3,Equal_Weighted,8.33
REE,2016Q3,Equal_Weighted,2.94
S4A,2016Q3,Equal_Weighted,2.94
SBA,2016Q3,Equal_Weighted,2.94
SHP,2016Q3,Equal_Weighted,2.94
TMP,2016Q3,Equal_Weighted,2.94
TTA,2016Q3,Equal_Weighted,2.94
VPD,2016Q3,Equal_Weighted,2.94
VSH,2016Q3,Equal_Weighted,2.94
AVC,2016Q3,ONI,5.88
DPG,2016Q3,ONI,5.88
DRL,2016Q3,ONI,5.88
GEG,2016Q3,ONI,5.88
GHC,2016Q3,ONI,5.88
HDG,2016Q3,ONI,5.88
HNA,2016Q3,ONI,5.88
NED,2016Q3,ONI,5.88
PC1,2016Q3,ONI,5.88
REE,2016Q3,ONI,5.88
S4A,2016Q3,ONI,5.88
SBA,2016Q3,ONI,5.88
SHP,2016Q3,ONI,5.88
TMP,2016Q3,ONI,5.88
TTA,2016Q3,ONI,5.88
VPD,2016Q3,ONI,5.88
VSH,2016Q3,ONI,5.88
AVC,2016Q4,Alpha,5.88
DPG,2016Q4,Alpha,5.88
DRL,2016Q4,Alpha,5.88
GEG,2016Q4,Alpha,5.88
GHC,2016Q4,Alpha,5.88
HDG,2016Q4,Alpha,5.88
HNA,2016Q4,Alpha,5.88
NED,2016Q4,Alpha,5.88
PC1,2016Q4,Alpha,5.88
REE,2016Q4,Alpha,5.88
S4A,2016Q4,Alpha,5.88
SBA,2016Q4,Alpha,5.88
SHP,2016Q4,Alpha,5.88
TMP,2016Q4,Alpha,5.88
TTA,2016Q4,Alpha,5.88
VPD,2016Q4,Alpha,5.88
VSH,2016Q4,Alpha,5.88
AVC,2016Q4,Equal_Weighted,2.94
DPG,2016Q4,Equal_Weighted,2.94
DRL,2016Q4,Equal_Weighted,2.94
GEG,2016Q4,Equal_Weighted,2.94
GHC,2016Q4,Equal_Weighted,2.94
HDG,2016Q4,Equal_Weighted,2.94
HNA,2016Q4,Equal_Weighted,2.94
HND,2016Q4,Equal_Weighted,8.33
NED,2016Q4,Equal_Weighted,2.94
NT2,2016Q4,Equal_Weighted,12.5
PC1,2016Q4,Equal_Weighted,2.94
POW,2016Q4,Equal_Weighted,12.5
PPC,2016Q4,Equal_Weighted,8.33
QTP,2016Q4,Equal_Weighted,8.33
REE,2016Q4,Equal_Weighted,2.94
S4A,2016Q4,Equal_Weighted,2.94
SBA,2016Q4,Equal_Weighted,2.94
SHP,2016Q4,Equal_Weighted,2.94
TMP,2016Q4,Equal_Weighted,2.94
TTA,2016Q4,Equal_Weighted,2.94
VPD,2016Q4,Equal_Weighted,2.94
VSH,2016Q4,Equal_Weighted,2.94
AVC,2016Q4,ONI,5.88
DPG,2016Q4,ONI,5.88
DRL,2016Q4,ONI,5.88
GEG,2016Q4,ONI,5.88
GHC,2016Q4,ONI,5.88
HDG,2016Q4,ONI,5.88
HNA,2016Q4,ONI,5.88
NED,2016Q4,ONI,5.88
PC1,2016Q4,ONI,5.88
REE,2016Q4,ONI,5.88
S4A,2016Q4,ONI,5.88
SBA,2016Q4,ONI,5.88
SHP,2016Q4,ONI,5.88
TMP,2016Q4,ONI,5.88
TTA,2016Q4,ONI,5.88
VPD,2016Q4,ONI,5.88
VSH,2016Q4,ONI,5.88
AVC,2017Q1,Alpha,2.94
DPG,2017Q1,Alpha,2.94
DRL,2017Q1,Alpha,2.94
GEG,2017Q1,Alpha,2.94
GHC,2017Q1,Alpha,2.94
HDG,2017Q1,Alpha,2.94
HNA,2017Q1,Alpha,2.94
HND,2017Q1,Alpha,8.33
NED,2017Q1,Alpha,2.94
NT2,2017Q1,Alpha,12.5
PC1,2017Q1,Alpha,2.94
POW,2017Q1,Alpha,12.5
PPC,2017Q1,Alpha,8.33
QTP,2017Q1,Alpha,8.33
REE,2017Q1,Alpha,2.94
S4A,2017Q1,Alpha,2.94
SBA,2017Q1,Alpha,2.94
SHP,2017Q1,Alpha,2.94
TMP,2017Q1,Alpha,2.94
TTA,2017Q1,Alpha,2.94
VPD,2017Q1,Alpha,2.94
VSH,2017Q1,Alpha,2.94
AVC,2017Q1,Equal_Weighted,2.94
DPG,2017Q1,Equal_Weighted,2.94
DRL,2017Q1,Equal_Weighted,2.94
GEG,2017Q1,Equal_Weighted,2.94
GHC,2017Q1,Equal_Weighted,2.94
HDG,2017Q1,Equal_Weighted,2.94
HNA,2017Q1,Equal_Weighted,2.94
HND,2017Q1,Equal_Weighted,8.33
NED,2017Q1,Equal_Weighted,2.94
NT2,2017Q1,Equal_Weighted,12.5
PC1,2017Q1,Equal_Weighted,2.94
POW,2017Q1,Equal_Weighted,12.5
PPC,2017Q1,Equal_Weighted,8.33
QTP,2017Q1,Equal_Weighted,8.33
REE,2017Q1,Equal_Weighted,2.94
S4A,2017Q1,Equal_Weighted,2.94
SBA,2017Q1,Equal_Weighted,2.94
SHP,2017Q1,Equal_Weighted,2.94
TMP,2017Q1,Equal_Weighted,2.94
TTA,2017Q1,Equal_Weighted,2.94
VPD,2017Q1,Equal_Weighted,2.94
VSH,2017Q1,Equal_Weighted,2.94
AVC,2017Q1,ONI,2.94
DPG,2017Q1,ONI,2.94
DRL,2017Q1,ONI,2.94
GEG,2017Q1,ONI,2.94
GHC,2017Q1,ONI,2.94
HDG,2017Q1,ONI,2.94
HNA,2017Q1,ONI,2.94
HND,2017Q1,ONI,8.33
NED,2017Q1,ONI,2.94
NT2,2017Q1,ONI,12.5
PC1,2017Q1,ONI,2.94
POW,2017Q1,ONI,12.5
PPC,2017Q1,ONI,8.33
QTP,2017Q1,ONI,8.33
REE,2017Q1,ONI,2.94
S4A,2017Q1,ONI,2.94
SBA,2017Q1,ONI,2.94
SHP,2017Q1,ONI,2.94
TMP,2017Q1,ONI,2.94
TTA,2017Q1,ONI,2.94
VPD,2017Q1,ONI,2.94
VSH,2017Q1,ONI,2.94
AVC,2017Q2,Alpha,2.94
DPG,2017Q2,Alpha,2.94
DRL,2017Q2,Alpha,2.94
GEG,2017Q2,Alpha,2.94
GHC,2017Q2,Alpha,2.94
HDG,2017Q2,Alpha,2.94
HNA,2017Q2,Alpha,2.94
HND,2017Q2,Alpha,8.33
NED,2017Q2,Alpha,2.94
NT2,2017Q2,Alpha,12.5
PC1,2017Q2,Alpha,2.94
POW,2017Q2,Alpha,12.5
PPC,2017Q2,Alpha,8.33
QTP,2017Q2,Alpha,8.33
REE,2017Q2,Alpha,2.94
S4A,2017Q2,Alpha,2.94
SBA,2017Q2,Alpha,2.94
SHP,2017Q2,Alpha,2.94
TMP,2017Q2,Alpha,2.94
TTA,2017Q2,Alpha,2.94
VPD,2017Q2,Alpha,2.94
VSH,2017Q2,Alpha,2.94
AVC,2017Q2,Equal_Weighted,2.94
DPG,2017Q2,Equal_Weighted,2.94
DRL,2017Q2,Equal_Weighted,2.94
GEG,2017Q2,Equal_Weighted,2.94
GHC,2017Q2,Equal_Weighted,2.94
HDG,2017Q2,Equal_Weighted,2.94
HNA,2017Q2,Equal_Weighted,2.94
HND,2017Q2,Equal_Weighted,8.33
NED,2017Q2,Equal_Weighted,2.94
NT2,2017Q2,Equal_Weighted,12.5
PC1,2017Q2,Equal_Weighted,2.94
POW,2017Q2,Equal_Weighted,12.5
PPC,2017Q2,Equal_Weighted,8.33
QTP,2017Q2,Equal_Weighted,8.33
REE,2017Q2,Equal_Weighted,2.94
S4A,2017Q2,Equal_Weighted,2.94
SBA,2017Q2,Equal_Weighted,2.94
SHP,2017Q2,Equal_Weighted,2.94
TMP,2017Q2,Equal_Weighted,2.94
TTA,2017Q2,Equal_Weighted,2.94
VPD,2017Q2,Equal_Weighted,2.94
VSH,2017Q2,Equal_Weighted,2.94
AVC,2017Q2,ONI,2.94
DPG,2017Q2,ONI,2.94
DRL,2017Q2,ONI,2.94
GEG,2017Q2,ONI,2.94
GHC,2017Q2,ONI,2.94
HDG,2017Q2,ONI,2.94
HNA,2017Q2,ONI,2.94
HND,2017Q2,ONI,8.33
NED,2017Q2,ONI,2.94
NT2,2017Q2,ONI,12.5
PC1,2017Q2,ONI,2.94
POW,2017Q2,ONI,12.5
PPC,2017Q2,ONI,8.33
QTP,2017Q2,ONI,8.33
REE,2017Q2,ONI,2.94
S4A,2017Q2,ONI,2.94
SBA,2017Q2,ONI,2.94
SHP,2017Q2,ONI,2.94
TMP,2017Q2,ONI,2.94
TTA,2017Q2,ONI,2.94
VPD,2017Q2,ONI,2.94
VSH,2017Q2,ONI,2.94
AVC,2017Q3,Alpha,2.94
DPG,2017Q3,Alpha,2.94
DRL,2017Q3,Alpha,2.94
GEG,2017Q3,Alpha,2.94
GHC,2017Q3,Alpha,2.94
HDG,2017Q3,Alpha,2.94
HNA,2017Q3,Alpha,2.94
HND,2017Q3,Alpha,8.33
NED,2017Q3,Alpha,2.94
NT2,2017Q3,Alpha,12.5
PC1,2017Q3,Alpha,2.94
POW,2017Q3,Alpha,12.5
PPC,2017Q3,Alpha,8.33
QTP,2017Q3,Alpha,8.33
REE,2017Q3,Alpha,2.94
S4A,2017Q3,Alpha,2.94
SBA,2017Q3,Alpha,2.94
SHP,2017Q3,Alpha,2.94
TMP,2017Q3,Alpha,2.94
TTA,2017Q3,Alpha,2.94
VPD,2017Q3,Alpha,2.94
VSH,2017Q3,Alpha,2.94
AVC,2017Q3,Equal_Weighted,2.94
DPG,2017Q3,Equal_Weighted,2.94
DRL,2017Q3,Equal_Weighted,2.94
GEG,2017Q3,Equal_Weighted,2.94
GHC,2017Q3,Equal_Weighted,2.94
HDG,2017Q3,Equal_Weighted,2.94
HNA,2017Q3,Equal_Weighted,2.94
HND,2017Q3,Equal_Weighted,8.33
NED,2017Q3,Equal_Weighted,2.94
NT2,2017Q3,Equal_Weighted,12.5
PC1,2017Q3,Equal_Weighted,2.94
POW,2017Q3,Equal_Weighted,12.5
PPC,2017Q3,Equal_Weighted,8.33
QTP,2017Q3,Equal_Weighted,8.33
REE,2017Q3,Equal_Weighted,2.94
S4A,2017Q3,Equal_Weighted,2.94
SBA,2017Q3,Equal_Weighted,2.94
SHP,2017Q3,Equal_Weighted,2.94
TMP,2017Q3,Equal_Weighted,2.94
TTA,2017Q3,Equal_Weighted,2.94
VPD,2017Q3,Equal_Weighted,2.94
VSH,2017Q3,Equal_Weighted,2.94
AVC,2017Q3,ONI,2.94
DPG,2017Q3,ONI,2.94
DRL,2017Q3,ONI,2.94
GEG,2017Q3,ONI,2.94
GHC,2017Q3,ONI,2.94
HDG,2017Q3,ONI,2.94
HNA,2017Q3,ONI,2.94
HND,2017Q3,ONI,8.33
NED,2017Q3,ONI,2.94
NT2,2017Q3,ONI,12.5
PC1,2017Q3,ONI,2.94
POW,2017Q3,ONI,12.5
PPC,2017Q3,ONI,8.33
QTP,2017Q3,ONI,8.33
REE,2017Q3,ONI,2.94
S4A,2017Q3,ONI,2.94
SBA,2017Q3,ONI,2.94
SHP,2017Q3,ONI,2.94
TMP,2017Q3,ONI,2.94
TTA,2017Q3,ONI,2.94
VPD,2017Q3,ONI,2.94
VSH,2017Q3,ONI,2.94
AVC,2017Q4,Alpha,5.88
DPG,2017Q4,Alpha,5.88
DRL,2017Q4,Alpha,5.88
GEG,2017Q4,Alpha,5.88
GHC,2017Q4,Alpha,5.88
HDG,2017Q4,Alpha,5.88
HNA,2017Q4,Alpha,5.88
NED,2017Q4,Alpha,5.88
PC1,2017Q4,Alpha,5.88
REE,2017Q4,Alpha,5.88
S4A,2017Q4,Alpha,5.88
SBA,2017Q4,Alpha,5.88
SHP,2017Q4,Alpha,5.88
TMP,2017Q4,Alpha,5.88
TTA,2017Q4,Alpha,5.88
VPD,2017Q4,Alpha,5.88
VSH,2017Q4,Alpha,5.88
AVC,2017Q4,Equal_Weighted,2.94
DPG,2017Q4,Equal_Weighted,2.94
DRL,2017Q4,Equal_Weighted,2.94
GEG,2017Q4,Equal_Weighted,2.94
GHC,2017Q4,Equal_Weighted,2.94
HDG,2017Q4,Equal_Weighted,2.94
HNA,2017Q4,Equal_Weighted,2.94
HND,2017Q4,Equal_Weighted,8.33
NED,2017Q4,Equal_Weighted,2.94
NT2,2017Q4,Equal_Weighted,12.5
PC1,2017Q4,Equal_Weighted,2.94
POW,2017Q4,Equal_Weighted,12.5
PPC,2017Q4,Equal_Weighted,8.33
QTP,2017Q4,Equal_Weighted,8.33
REE,2017Q4,Equal_Weighted,2.94
S4A,2017Q4,Equal_Weighted,2.94
SBA,2017Q4,Equal_Weighted,2.94
SHP,2017Q4,Equal_Weighted,2.94
TMP,2017Q4,Equal_Weighted,2.94
TTA,2017Q4,Equal_Weighted,2.94
VPD,2017Q4,Equal_Weighted,2.94
VSH,2017Q4,Equal_Weighted,2.94
AVC,2017Q4,ONI,5.88
DPG,2017Q4,ONI,5.88
DRL,2017Q4,ONI,5.88
GEG,2017Q4,ONI,5.88
GHC,2017Q4,ONI,5.88
HDG,2017Q4,ONI,5.88
HNA,2017Q4,ONI,5.88
NED,2017Q4,ONI,5.88
PC1,2017Q4,ONI,5.88
REE,2017Q4,ONI,5.88
S4A,2017Q4,ONI,5.88
SBA,2017Q4,ONI,5.88
SHP,2017Q4,ONI,5.88
TMP,2017Q4,ONI,5.88
TTA,2017Q4,ONI,5.88
VPD,2017Q4,ONI,5.88
VSH,2017Q4,ONI,5.88
AVC,2018Q1,Alpha,5.88
DPG,2018Q1,Alpha,5.88
DRL,2018Q1,Alpha,5.88
GEG,2018Q1,Alpha,5.88
GHC,2018Q1,Alpha,5.88
HDG,2018Q1,Alpha,5.88
HNA,2018Q1,Alpha,5.88
NED,2018Q1,Alpha,5.88
PC1,2018Q1,Alpha,5.88
REE,2018Q1,Alpha,5.88
S4A,2018Q1,Alpha,5.88
SBA,2018Q1,Alpha,5.88
SHP,2018Q1,Alpha,5.88
TMP,2018Q1,Alpha,5.88
TTA,2018Q1,Alpha,5.88
VPD,2018Q1,Alpha,5.88
VSH,2018Q1,Alpha,5.88
AVC,2018Q1,Equal_Weighted,2.94
DPG,2018Q1,Equal_Weighted,2.94
DRL,2018Q1,Equal_Weighted,2.94
GEG,2018Q1,Equal_Weighted,2.94
GHC,2018Q1,Equal_Weighted,2.94
HDG,2018Q1,Equal_Weighted,2.94
HNA,2018Q1,Equal_Weighted,2.94
HND,2018Q1,Equal_Weighted,8.33
NED,2018Q1,Equal_Weighted,2.94
NT2,2018Q1,Equal_Weighted,12.5
PC1,2018Q1,Equal_Weighted,2.94
POW,2018Q1,Equal_Weighted,12.5
PPC,2018Q1,Equal_Weighted,8.33
QTP,2018Q1,Equal_Weighted,8.33
REE,2018Q1,Equal_Weighted,2.94
S4A,2018Q1,Equal_Weighted,2.94
SBA,2018Q1,Equal_Weighted,2.94
SHP,2018Q1,Equal_Weighted,2.94
TMP,2018Q1,Equal_Weighted,2.94
TTA,2018Q1,Equal_Weighted,2.94
VPD,2018Q1,Equal_Weighted,2.94
VSH,2018Q1,Equal_Weighted,2.94
AVC,2018Q1,ONI,5.88
DPG,2018Q1,ONI,5.88
DRL,2018Q1,ONI,5.88
GEG,2018Q1,ONI,5.88
GHC,2018Q1,ONI,5.88
HDG,2018Q1,ONI,5.88
HNA,2018Q1,ONI,5.88
NED,2018Q1,ONI,5.88
PC1,2018Q1,ONI,5.88
REE,2018Q1,ONI,5.88
S4A,2018Q1,ONI,5.88
SBA,2018Q1,ONI,5.88
SHP,2018Q1,ONI,5.88
TMP,2018Q1,ONI,5.88
TTA,2018Q1,ONI,5.88
VPD,2018Q1,ONI,5.88
VSH,2018Q1,ONI,5.88
AVC,2018Q2,Alpha,2.94
DPG,2018Q2,Alpha,2.94
DRL,2018Q2,Alpha,2.94
GEG,2018Q2,Alpha,2.94
GHC,2018Q2,Alpha,2.94
HDG,2018Q2,Alpha,2.94
HNA,2018Q2,Alpha,2.94
HND,2018Q2,Alpha,8.33
NED,2018Q2,Alpha,2.94
NT2,2018Q2,Alpha,12.5
PC1,2018Q2,Alpha,2.94
POW,2018Q2,Alpha,12.5
PPC,2018Q2,Alpha,8.33
QTP,2018Q2,Alpha,8.33
REE,2018Q2,Alpha,2.94
S4A,2018Q2,Alpha,2.94
SBA,2018Q2,Alpha,2.94
SHP,2018Q2,Alpha,2.94
TMP,2018Q2,Alpha,2.94
TTA,2018Q2,Alpha,2.94
VPD,2018Q2,Alpha,2.94
VSH,2018Q2,Alpha,2.94
AVC,2018Q2,Equal_Weighted,2.94
DPG,2018Q2,Equal_Weighted,2.94
DRL,2018Q2,Equal_Weighted,2.94
GEG,2018Q2,Equal_Weighted,2.94
GHC,2018Q2,Equal_Weighted,2.94
HDG,2018Q2,Equal_Weighted,2.94
HNA,2018Q2,Equal_Weighted,2.94
HND,2018Q2,Equal_Weighted,8.33
NED,2018Q2,Equal_Weighted,2.94
NT2,2018Q2,Equal_Weighted,12.5
PC1,2018Q2,Equal_Weighted,2.94
POW,2018Q2,Equal_Weighted,12.5
PPC,2018Q2,Equal_Weighted,8.33
QTP,2018Q2,Equal_Weighted,8.33
REE,2018Q2,Equal_Weighted,2.94
S4A,2018Q2,Equal_Weighted,2.94
SBA,2018Q2,Equal_Weighted,2.94
SHP,2018Q2,Equal_Weighted,2.94
TMP,2018Q2,Equal_Weighted,2.94
TTA,2018Q2,Equal_Weighted,2.94
VPD,2018Q2,Equal_Weighted,2.94
VSH,2018Q2,Equal_Weighted,2.94
AVC,2018Q2,ONI,2.94
DPG,2018Q2,ONI,2.94
DRL,2018Q2,ONI,2.94
GEG,2018Q2,ONI,2.94
GHC,2018Q2,ONI,2.94
HDG,2018Q2,ONI,2.94
HNA,2018Q2,ONI,2.94
HND,2018Q2,ONI,8.33
NED,2018Q2,ONI,2.94
NT2,2018Q2,ONI,12.5
PC1,2018Q2,ONI,2.94
POW,2018Q2,ONI,12.5
PPC,2018Q2,ONI,8.33
QTP,2018Q2,ONI,8.33
REE,2018Q2,ONI,2.94
S4A,2018Q2,ONI,2.94
SBA,2018Q2,ONI,2.94
SHP,2018Q2,ONI,2.94
TMP,2018Q2,ONI,2.94
TTA,2018Q2,ONI,2.94
VPD,2018Q2,ONI,2.94
VSH,2018Q2,ONI,2.94
AVC,2018Q3,Alpha,2.94
DPG,2018Q3,Alpha,2.94
DRL,2018Q3,Alpha,2.94
GEG,2018Q3,Alpha,2.94
GHC,2018Q3,Alpha,2.94
HDG,2018Q3,Alpha,2.94
HNA,2018Q3,Alpha,2.94
HND,2018Q3,Alpha,8.33
NED,2018Q3,Alpha,2.94
NT2,2018Q3,Alpha,12.5
PC1,2018Q3,Alpha,2.94
POW,2018Q3,Alpha,12.5
PPC,2018Q3,Alpha,8.33
QTP,2018Q3,Alpha,8.33
REE,2018Q3,Alpha,2.94
S4A,2018Q3,Alpha,2.94
SBA,2018Q3,Alpha,2.94
SHP,2018Q3,Alpha,2.94
TMP,2018Q3,Alpha,2.94
TTA,2018Q3,Alpha,2.94
VPD,2018Q3,Alpha,2.94
VSH,2018Q3,Alpha,2.94
AVC,2018Q3,Equal_Weighted,2.94
DPG,2018Q3,Equal_Weighted,2.94
DRL,2018Q3,Equal_Weighted,2.94
GEG,2018Q3,Equal_Weighted,2.94
GHC,2018Q3,Equal_Weighted,2.94
HDG,2018Q3,Equal_Weighted,2.94
HNA,2018Q3,Equal_Weighted,2.94
HND,2018Q3,Equal_Weighted,8.33
NED,2018Q3,Equal_Weighted,2.94
NT2,2018Q3,Equal_Weighted,12.5
PC1,2018Q3,Equal_Weighted,2.94
POW,2018Q3,Equal_Weighted,12.5
PPC,2018Q3,Equal_Weighted,8.33
QTP,2018Q3,Equal_Weighted,8.33
REE,2018Q3,Equal_Weighted,2.94
S4A,2018Q3,Equal_Weighted,2.94
SBA,2018Q3,Equal_Weighted,2.94
SHP,2018Q3,Equal_Weighted,2.94
TMP,2018Q3,Equal_Weighted,2.94
TTA,2018Q3,Equal_Weighted,2.94
VPD,2018Q3,Equal_Weighted,2.94
VSH,2018Q3,Equal_Weighted,2.94
AVC,2018Q3,ONI,2.94
DPG,2018Q3,ONI,2.94
DRL,2018Q3,ONI,2.94
GEG,2018Q3,ONI,2.94
GHC,2018Q3,ONI,2.94
HDG,2018Q3,ONI,2.94
HNA,2018Q3,ONI,2.94
HND,2018Q3,ONI,8.33
NED,2018Q3,ONI,2.94
NT2,2018Q3,ONI,12.5
PC1,2018Q3,ONI,2.94
POW,2018Q3,ONI,12.5
PPC,2018Q3,ONI,8.33
QTP,2018Q3,ONI,8.33
REE,2018Q3,ONI,2.94
S4A,2018Q3,ONI,2.94
SBA,2018Q3,ONI,2.94
SHP,2018Q3,ONI,2.94
TMP,2018Q3,ONI,2.94
TTA,2018Q3,ONI,2.94
VPD,2018Q3,ONI,2.94
VSH,2018Q3,ONI,2.94
HND,2018Q4,Alpha,16.67
NT2,2018Q4,Alpha,25.0
POW,2018Q4,Alpha,25.0
PPC,2018Q4,Alpha,16.67
QTP,2018Q4,Alpha,16.67
AVC,2018Q4,Equal_Weighted,2.94
DPG,2018Q4,Equal_Weighted,2.94
DRL,2018Q4,Equal_Weighted,2.94
GEG,2018Q4,Equal_Weighted,2.94
GHC,2018Q4,Equal_Weighted,2.94
HDG,2018Q4,Equal_Weighted,2.94
HNA,2018Q4,Equal_Weighted,2.94
HND,2018Q4,Equal_Weighted,8.33
NED,2018Q4,Equal_Weighted,2.94
NT2,2018Q4,Equal_Weighted,12.5
PC1,2018Q4,Equal_Weighted,2.94
POW,2018Q4,Equal_Weighted,12.5
PPC,2018Q4,Equal_Weighted,8.33
QTP,2018Q4,Equal_Weighted,8.33
REE,2018Q4,Equal_Weighted,2.94
S4A,2018Q4,Equal_Weighted,2.94
SBA,2018Q4,Equal_Weighted,2.94
SHP,2018Q4,Equal_Weighted,2.94
TMP,2018Q4,Equal_Weighted,2.94
TTA,2018Q4,Equal_Weighted,2.94
VPD,2018Q4,Equal_Weighted,2.94
VSH,2018Q4,Equal_Weighted,2.94
HND,2018Q4,ONI,16.67
NT2,2018Q4,ONI,25.0
POW,2018Q4,ONI,25.0
PPC,2018Q4,ONI,16.67
QTP,2018Q4,ONI,16.67
HND,2019Q1,Alpha,50.0
NT2,2019Q1,Alpha,25.0
POW,2019Q1,Alpha,25.0
AVC,2019Q1,Equal_Weighted,2.94
DPG,2019Q1,Equal_Weighted,2.94
DRL,2019Q1,Equal_Weighted,2.94
GEG,2019Q1,Equal_Weighted,2.94
GHC,2019Q1,Equal_Weighted,2.94
HDG,2019Q1,Equal_Weighted,2.94
HNA,2019Q1,Equal_Weighted,2.94
HND,2019Q1,Equal_Weighted,8.33
NED,2019Q1,Equal_Weighted,2.94
NT2,2019Q1,Equal_Weighted,12.5
PC1,2019Q1,Equal_Weighted,2.94
POW,2019Q1,Equal_Weighted,12.5
PPC,2019Q1,Equal_Weighted,8.33
QTP,2019Q1,Equal_Weighted,8.33
REE,2019Q1,Equal_Weighted,2.94
S4A,2019Q1,Equal_Weighted,2.94
SBA,2019Q1,Equal_Weighted,2.94
SHP,2019Q1,Equal_Weighted,2.94
TMP,2019Q1,Equal_Weighted,2.94
TTA,2019Q1,Equal_Weighted,2.94
VPD,2019Q1,Equal_Weighted,2.94
VSH,2019Q1,Equal_Weighted,2.94
HND,2019Q1,ONI,16.67
NT2,2019Q1,ONI,25.0
POW,2019Q1,ONI,25.0
PPC,2019Q1,ONI,16.67
QTP,2019Q1,ONI,16.67
AVC,2019Q2,Alpha,2.94
DPG,2019Q2,Alpha,2.94
DRL,2019Q2,Alpha,2.94
GEG,2019Q2,Alpha,2.94
GHC,2019Q2,Alpha,2.94
HDG,2019Q2,Alpha,2.94
HNA,2019Q2,Alpha,2.94
NED,2019Q2,Alpha,2.94
NT2,2019Q2,Alpha,12.5
PC1,2019Q2,Alpha,2.94
POW,2019Q2,Alpha,12.5
QTP,2019Q2,Alpha,25.0
REE,2019Q2,Alpha,2.94
S4A,2019Q2,Alpha,2.94
SBA,2019Q2,Alpha,2.94
SHP,2019Q2,Alpha,2.94
TMP,2019Q2,Alpha,2.94
TTA,2019Q2,Alpha,2.94
VPD,2019Q2,Alpha,2.94
VSH,2019Q2,Alpha,2.94
AVC,2019Q2,Equal_Weighted,2.94
DPG,2019Q2,Equal_Weighted,2.94
DRL,2019Q2,Equal_Weighted,2.94
GEG,2019Q2,Equal_Weighted,2.94
GHC,2019Q2,Equal_Weighted,2.94
HDG,2019Q2,Equal_Weighted,2.94
HNA,2019Q2,Equal_Weighted,2.94
HND,2019Q2,Equal_Weighted,8.33
NED,2019Q2,Equal_Weighted,2.94
NT2,2019Q2,Equal_Weighted,12.5
PC1,2019Q2,Equal_Weighted,2.94
POW,2019Q2,Equal_Weighted,12.5
PPC,2019Q2,Equal_Weighted,8.33
QTP,2019Q2,Equal_Weighted,8.33
REE,2019Q2,Equal_Weighted,2.94
S4A,2019Q2,Equal_Weighted,2.94
SBA,2019Q2,Equal_Weighted,2.94
SHP,2019Q2,Equal_Weighted,2.94
TMP,2019Q2,Equal_Weighted,2.94
TTA,2019Q2,Equal_Weighted,2.94
VPD,2019Q2,Equal_Weighted,2.94
VSH,2019Q2,Equal_Weighted,2.94
AVC,2019Q2,ONI,2.94
DPG,2019Q2,ONI,2.94
DRL,2019Q2,ONI,2.94
GEG,2019Q2,ONI,2.94
GHC,2019Q2,ONI,2.94
HDG,2019Q2,ONI,2.94
HNA,2019Q2,ONI,2.94
HND,2019Q2,ONI,8.33
NED,2019Q2,ONI,2.94
NT2,2019Q2,ONI,12.5
PC1,2019Q2,ONI,2.94
POW,2019Q2,ONI,12.5
PPC,2019Q2,ONI,8.33
QTP,2019Q2,ONI,8.33
REE,2019Q2,ONI,2.94
S4A,2019Q2,ONI,2.94
SBA,2019Q2,ONI,2.94
SHP,2019Q2,ONI,2.94
TMP,2019Q2,ONI,2.94
TTA,2019Q2,ONI,2.94
VPD,2019Q2,ONI,2.94
VSH,2019Q2,ONI,2.94
AVC,2019Q3,Alpha,2.94
DPG,2019Q3,Alpha,2.94
DRL,2019Q3,Alpha,2.94
GEG,2019Q3,Alpha,2.94
GHC,2019Q3,Alpha,2.94
HDG,2019Q3,Alpha,2.94
HNA,2019Q3,Alpha,2.94
HND,2019Q3,Alpha,25.0
NED,2019Q3,Alpha,2.94
NT2,2019Q3,Alpha,12.5
PC1,2019Q3,Alpha,2.94
POW,2019Q3,Alpha,12.5
REE,2019Q3,Alpha,2.94
S4A,2019Q3,Alpha,2.94
SBA,2019Q3,Alpha,2.94
SHP,2019Q3,Alpha,2.94
TMP,2019Q3,Alpha,2.94
TTA,2019Q3,Alpha,2.94
VPD,2019Q3,Alpha,2.94
VSH,2019Q3,Alpha,2.94
AVC,2019Q3,Equal_Weighted,2.94
DPG,2019Q3,Equal_Weighted,2.94
DRL,2019Q3,Equal_Weighted,2.94
GEG,2019Q3,Equal_Weighted,2.94
GHC,2019Q3,Equal_Weighted,2.94
HDG,2019Q3,Equal_Weighted,2.94
HNA,2019Q3,Equal_Weighted,2.94
HND,2019Q3,Equal_Weighted,8.33
NED,2019Q3,Equal_Weighted,2.94
NT2,2019Q3,Equal_Weighted,12.5
PC1,2019Q3,Equal_Weighted,2.94
POW,2019Q3,Equal_Weighted,12.5
PPC,2019Q3,Equal_Weighted,8.33
QTP,2019Q3,Equal_Weighted,8.33
REE,2019Q3,Equal_Weighted,2.94
S4A,2019Q3,Equal_Weighted,2.94
SBA,2019Q3,Equal_Weighted,2.94
SHP,2019Q3,Equal_Weighted,2.94
TMP,2019Q3,Equal_Weighted,2.94
TTA,2019Q3,Equal_Weighted,2.94
VPD,2019Q3,Equal_Weighted,2.94
VSH,2019Q3,Equal_Weighted,2.94
AVC,2019Q3,ONI,2.94
DPG,2019Q3,ONI,2.94
DRL,2019Q3,ONI,2.94
GEG,2019Q3,ONI,2.94
GHC,2019Q3,ONI,2.94
HDG,2019Q3,ONI,2.94
HNA,2019Q3,ONI,2.94
HND,2019Q3,ONI,8.33
NED,2019Q3,ONI,2.94
NT2,2019Q3,ONI,12.5
PC1,2019Q3,ONI,2.94
POW,2019Q3,ONI,12.5
PPC,2019Q3,ONI,8.33
QTP,2019Q3,ONI,8.33
REE,2019Q3,ONI,2.94
S4A,2019Q3,ONI,2.94
SBA,2019Q3,ONI,2.94
SHP,2019Q3,ONI,2.94
TMP,2019Q3,ONI,2.94
TTA,2019Q3,ONI,2.94
VPD,2019Q3,ONI,2.94
VSH,2019Q3,ONI,2.94
NT2,2019Q4,Alpha,25.0
POW,2019Q4,Alpha,25.0
PPC,2019Q4,Alpha,50.0
AVC,2019Q4,Equal_Weighted,2.94
DPG,2019Q4,Equal_Weighted,2.94
DRL,2019Q4,Equal_Weighted,2.94
GEG,2019Q4,Equal_Weighted,2.94
GHC,2019Q4,Equal_Weighted,2.94
HDG,2019Q4,Equal_Weighted,2.94
HNA,2019Q4,Equal_Weighted,2.94
HND,2019Q4,Equal_Weighted,8.33
NED,2019Q4,Equal_Weighted,2.94
NT2,2019Q4,Equal_Weighted,12.5
PC1,2019Q4,Equal_Weighted,2.94
POW,2019Q4,Equal_Weighted,12.5
PPC,2019Q4,Equal_Weighted,8.33
QTP,2019Q4,Equal_Weighted,8.33
REE,2019Q4,Equal_Weighted,2.94
S4A,2019Q4,Equal_Weighted,2.94
SBA,2019Q4,Equal_Weighted,2.94
SHP,2019Q4,Equal_Weighted,2.94
TMP,2019Q4,Equal_Weighted,2.94
TTA,2019Q4,Equal_Weighted,2.94
VPD,2019Q4,Equal_Weighted,2.94
VSH,2019Q4,Equal_Weighted,2.94
HND,2019Q4,ONI,16.67
NT2,2019Q4,ONI,25.0
POW,2019Q4,ONI,25.0
PPC,2019Q4,ONI,16.67
QTP,2019Q4,ONI,16.67
AVC,2020Q1,Alpha,2.94
DPG,2020Q1,Alpha,2.94
DRL,2020Q1,Alpha,2.94
GEG,2020Q1,Alpha,2.94
GHC,2020Q1,Alpha,2.94
HDG,2020Q1,Alpha,2.94
HNA,2020Q1,Alpha,2.94
HND,2020Q1,Alpha,25.0
NED,2020Q1,Alpha,2.94
NT2,2020Q1,Alpha,12.5
PC1,2020Q1,Alpha,2.94
POW,2020Q1,Alpha,12.5
REE,2020Q1,Alpha,2.94
S4A,2020Q1,Alpha,2.94
SBA,2020Q1,Alpha,2.94
SHP,2020Q1,Alpha,2.94
TMP,2020Q1,Alpha,2.94
TTA,2020Q1,Alpha,2.94
VPD,2020Q1,Alpha,2.94
VSH,2020Q1,Alpha,2.94
AVC,2020Q1,Equal_Weighted,2.94
DPG,2020Q1,Equal_Weighted,2.94
DRL,2020Q1,Equal_Weighted,2.94
GEG,2020Q1,Equal_Weighted,2.94
GHC,2020Q1,Equal_Weighted,2.94
HDG,2020Q1,Equal_Weighted,2.94
HNA,2020Q1,Equal_Weighted,2.94
HND,2020Q1,Equal_Weighted,8.33
NED,2020Q1,Equal_Weighted,2.94
NT2,2020Q1,Equal_Weighted,12.5
PC1,2020Q1,Equal_Weighted,2.94
POW,2020Q1,Equal_Weighted,12.5
PPC,2020Q1,Equal_Weighted,8.33
QTP,2020Q1,Equal_Weighted,8.33
REE,2020Q1,Equal_Weighted,2.94
S4A,2020Q1,Equal_Weighted,2.94
SBA,2020Q1,Equal_Weighted,2.94
SHP,2020Q1,Equal_Weighted,2.94
TMP,2020Q1,Equal_Weighted,2.94
TTA,2020Q1,Equal_Weighted,2.94
VPD,2020Q1,Equal_Weighted,2.94
VSH,2020Q1,Equal_Weighted,2.94
AVC,2020Q1,ONI,2.94
DPG,2020Q1,ONI,2.94
DRL,2020Q1,ONI,2.94
GEG,2020Q1,ONI,2.94
GHC,2020Q1,ONI,2.94
HDG,2020Q1,ONI,2.94
HNA,2020Q1,ONI,2.94
HND,2020Q1,ONI,8.33
NED,2020Q1,ONI,2.94
NT2,2020Q1,ONI,12.5
PC1,2020Q1,ONI,2.94
POW,2020Q1,ONI,12.5
PPC,2020Q1,ONI,8.33
QTP,2020Q1,ONI,8.33
REE,2020Q1,ONI,2.94
S4A,2020Q1,ONI,2.94
SBA,2020Q1,ONI,2.94
SHP,2020Q1,ONI,2.94
TMP,2020Q1,ONI,2.94
TTA,2020Q1,ONI,2.94
VPD,2020Q1,ONI,2.94
VSH,2020Q1,ONI,2.94
AVC,2020Q2,Alpha,2.94
DPG,2020Q2,Alpha,2.94
DRL,2020Q2,Alpha,2.94
GEG,2020Q2,Alpha,2.94
GHC,2020Q2,Alpha,2.94
HDG,2020Q2,Alpha,2.94
HNA,2020Q2,Alpha,2.94
NED,2020Q2,Alpha,2.94
NT2,2020Q2,Alpha,25.0
PC1,2020Q2,Alpha,2.94
PPC,2020Q2,Alpha,25.0
REE,2020Q2,Alpha,2.94
S4A,2020Q2,Alpha,2.94
SBA,2020Q2,Alpha,2.94
SHP,2020Q2,Alpha,2.94
TMP,2020Q2,Alpha,2.94
TTA,2020Q2,Alpha,2.94
VPD,2020Q2,Alpha,2.94
VSH,2020Q2,Alpha,2.94
AVC,2020Q2,Equal_Weighted,2.94
DPG,2020Q2,Equal_Weighted,2.94
DRL,2020Q2,Equal_Weighted,2.94
GEG,2020Q2,Equal_Weighted,2.94
GHC,2020Q2,Equal_Weighted,2.94
HDG,2020Q2,Equal_Weighted,2.94
HNA,2020Q2,Equal_Weighted,2.94
HND,2020Q2,Equal_Weighted,8.33
NED,2020Q2,Equal_Weighted,2.94
NT2,2020Q2,Equal_Weighted,12.5
PC1,2020Q2,Equal_Weighted,2.94
POW,2020Q2,Equal_Weighted,12.5
PPC,2020Q2,Equal_Weighted,8.33
QTP,2020Q2,Equal_Weighted,8.33
REE,2020Q2,Equal_Weighted,2.94
S4A,2020Q2,Equal_Weighted,2.94
SBA,2020Q2,Equal_Weighted,2.94
SHP,2020Q2,Equal_Weighted,2.94
TMP,2020Q2,Equal_Weighted,2.94
TTA,2020Q2,Equal_Weighted,2.94
VPD,2020Q2,Equal_Weighted,2.94
VSH,2020Q2,Equal_Weighted,2.94
AVC,2020Q2,ONI,2.94
DPG,2020Q2,ONI,2.94
DRL,2020Q2,ONI,2.94
GEG,2020Q2,ONI,2.94
GHC,2020Q2,ONI,2.94
HDG,2020Q2,ONI,2.94
HNA,2020Q2,ONI,2.94
HND,2020Q2,ONI,8.33
NED,2020Q2,ONI,2.94
NT2,2020Q2,ONI,12.5
PC1,2020Q2,ONI,2.94
POW,2020Q2,ONI,12.5
PPC,2020Q2,ONI,8.33
QTP,2020Q2,ONI,8.33
REE,2020Q2,ONI,2.94
S4A,2020Q2,ONI,2.94
SBA,2020Q2,ONI,2.94
SHP,2020Q2,ONI,2.94
TMP,2020Q2,ONI,2.94
TTA,2020Q2,ONI,2.94
VPD,2020Q2,ONI,2.94
VSH,2020Q2,ONI,2.94
REE,2020Q3,Alpha,50.0
SHP,2020Q3,Alpha,50.0
AVC,2020Q3,Equal_Weighted,2.94
DPG,2020Q3,Equal_Weighted,2.94
DRL,2020Q3,Equal_Weighted,2.94
GEG,2020Q3,Equal_Weighted,2.94
GHC,2020Q3,Equal_Weighted,2.94
HDG,2020Q3,Equal_Weighted,2.94
HNA,2020Q3,Equal_Weighted,2.94
HND,2020Q3,Equal_Weighted,8.33
NED,2020Q3,Equal_Weighted,2.94
NT2,2020Q3,Equal_Weighted,12.5
PC1,2020Q3,Equal_Weighted,2.94
POW,2020Q3,Equal_Weighted,12.5
PPC,2020Q3,Equal_Weighted,8.33
QTP,2020Q3,Equal_Weighted,8.33
REE,2020Q3,Equal_Weighted,2.94
S4A,2020Q3,Equal_Weighted,2.94
SBA,2020Q3,Equal_Weighted,2.94
SHP,2020Q3,Equal_Weighted,2.94
TMP,2020Q3,Equal_Weighted,2.94
TTA,2020Q3,Equal_Weighted,2.94
VPD,2020Q3,Equal_Weighted,2.94
VSH,2020Q3,Equal_Weighted,2.94
AVC,2020Q3,ONI,5.88
DPG,2020Q3,ONI,5.88
DRL,2020Q3,ONI,5.88
GEG,2020Q3,ONI,5.88
GHC,2020Q3,ONI,5.88
HDG,2020Q3,ONI,5.88
HNA,2020Q3,ONI,5.88
NED,2020Q3,ONI,5.88
PC1,2020Q3,ONI,5.88
REE,2020Q3,ONI,5.88
S4A,2020Q3,ONI,5.88
SBA,2020Q3,ONI,5.88
SHP,2020Q3,ONI,5.88
TMP,2020Q3,ONI,5.88
TTA,2020Q3,ONI,5.88
VPD,2020Q3,ONI,5.88
VSH,2020Q3,ONI,5.88
NED,2020Q4,Alpha,50.0
PC1,2020Q4,Alpha,50.0
AVC,2020Q4,Equal_Weighted,2.94
DPG,2020Q4,Equal_Weighted,2.94
DRL,2020Q4,Equal_Weighted,2.94
GEG,2020Q4,Equal_Weighted,2.94
GHC,2020Q4,Equal_Weighted,2.94
HDG,2020Q4,Equal_Weighted,2.94
HNA,2020Q4,Equal_Weighted,2.94
HND,2020Q4,Equal_Weighted,8.33
NED,2020Q4,Equal_Weighted,2.94
NT2,2020Q4,Equal_Weighted,12.5
PC1,2020Q4,Equal_Weighted,2.94
POW,2020Q4,Equal_Weighted,12.5
PPC,2020Q4,Equal_Weighted,8.33
QTP,2020Q4,Equal_Weighted,8.33
REE,2020Q4,Equal_Weighted,2.94
S4A,2020Q4,Equal_Weighted,2.94
SBA,2020Q4,Equal_Weighted,2.94
SHP,2020Q4,Equal_Weighted,2.94
TMP,2020Q4,Equal_Weighted,2.94
TTA,2020Q4,Equal_Weighted,2.94
VPD,2020Q4,Equal_Weighted,2.94
VSH,2020Q4,Equal_Weighted,2.94
AVC,2020Q4,ONI,5.88
DPG,2020Q4,ONI,5.88
DRL,2020Q4,ONI,5.88
GEG,2020Q4,ONI,5.88
GHC,2020Q4,ONI,5.88
HDG,2020Q4,ONI,5.88
HNA,2020Q4,ONI,5.88
NED,2020Q4,ONI,5.88
PC1,2020Q4,ONI,5.88
REE,2020Q4,ONI,5.88
S4A,2020Q4,ONI,5.88
SBA,2020Q4,ONI,5.88
SHP,2020Q4,ONI,5.88
TMP,2020Q4,ONI,5.88
TTA,2020Q4,ONI,5.88
VPD,2020Q4,ONI,5.88
VSH,2020Q4,ONI,5.88
HDG,2021Q1,Alpha,50.0
VPD,2021Q1,Alpha,50.0
AVC,2021Q1,Equal_Weighted,2.94
DPG,2021Q1,Equal_Weighted,2.94
DRL,2021Q1,Equal_Weighted,2.94
GEG,2021Q1,Equal_Weighted,2.94
GHC,2021Q1,Equal_Weighted,2.94
HDG,2021Q1,Equal_Weighted,2.94
HNA,2021Q1,Equal_Weighted,2.94
HND,2021Q1,Equal_Weighted,8.33
NED,2021Q1,Equal_Weighted,2.94
NT2,2021Q1,Equal_Weighted,12.5
PC1,2021Q1,Equal_Weighted,2.94
POW,2021Q1,Equal_Weighted,12.5
PPC,2021Q1,Equal_Weighted,8.33
QTP,2021Q1,Equal_Weighted,8.33
REE,2021Q1,Equal_Weighted,2.94
S4A,2021Q1,Equal_Weighted,2.94
SBA,2021Q1,Equal_Weighted,2.94
SHP,2021Q1,Equal_Weighted,2.94
TMP,2021Q1,Equal_Weighted,2.94
TTA,2021Q1,Equal_Weighted,2.94
VPD,2021Q1,Equal_Weighted,2.94
VSH,2021Q1,Equal_Weighted,2.94
AVC,2021Q1,ONI,5.88
DPG,2021Q1,ONI,5.88
DRL,2021Q1,ONI,5.88
GEG,2021Q1,ONI,5.88
GHC,2021Q1,ONI,5.88
HDG,2021Q1,ONI,5.88
HNA,2021Q1,ONI,5.88
NED,2021Q1,ONI,5.88
PC1,2021Q1,ONI,5.88
REE,2021Q1,ONI,5.88
S4A,2021Q1,ONI,5.88
SBA,2021Q1,ONI,5.88
SHP,2021Q1,ONI,5.88
TMP,2021Q1,ONI,5.88
TTA,2021Q1,ONI,5.88
VPD,2021Q1,ONI,5.88
VSH,2021Q1,ONI,5.88
DPG,2021Q2,Alpha,25.0
POW,2021Q2,Alpha,25.0
QTP,2021Q2,Alpha,25.0
SBA,2021Q2,Alpha,25.0
AVC,2021Q2,Equal_Weighted,2.94
DPG,2021Q2,Equal_Weighted,2.94
DRL,2021Q2,Equal_Weighted,2.94
GEG,2021Q2,Equal_Weighted,2.94
GHC,2021Q2,Equal_Weighted,2.94
HDG,2021Q2,Equal_Weighted,2.94
HNA,2021Q2,Equal_Weighted,2.94
HND,2021Q2,Equal_Weighted,8.33
NED,2021Q2,Equal_Weighted,2.94
NT2,2021Q2,Equal_Weighted,12.5
PC1,2021Q2,Equal_Weighted,2.94
POW,2021Q2,Equal_Weighted,12.5
PPC,2021Q2,Equal_Weighted,8.33
QTP,2021Q2,Equal_Weighted,8.33
REE,2021Q2,Equal_Weighted,2.94
S4A,2021Q2,Equal_Weighted,2.94
SBA,2021Q2,Equal_Weighted,2.94
SHP,2021Q2,Equal_Weighted,2.94
TMP,2021Q2,Equal_Weighted,2.94
TTA,2021Q2,Equal_Weighted,2.94
VPD,2021Q2,Equal_Weighted,2.94
VSH,2021Q2,Equal_Weighted,2.94
AVC,2021Q2,ONI,2.94
DPG,2021Q2,ONI,2.94
DRL,2021Q2,ONI,2.94
GEG,2021Q2,ONI,2.94
GHC,2021Q2,ONI,2.94
HDG,2021Q2,ONI,2.94
HNA,2021Q2,ONI,2.94
HND,2021Q2,ONI,8.33
NED,2021Q2,ONI,2.94
NT2,2021Q2,ONI,12.5
PC1,2021Q2,ONI,2.94
POW,2021Q2,ONI,12.5
PPC,2021Q2,ONI,8.33
QTP,2021Q2,ONI,8.33
REE,2021Q2,ONI,2.94
S4A,2021Q2,ONI,2.94
SBA,2021Q2,ONI,2.94
SHP,2021Q2,ONI,2.94
TMP,2021Q2,ONI,2.94
TTA,2021Q2,ONI,2.94
VPD,2021Q2,ONI,2.94
VSH,2021Q2,ONI,2.94
DRL,2021Q3,Alpha,50.0
GEG,2021Q3,Alpha,50.0
AVC,2021Q3,Equal_Weighted,2.94
DPG,2021Q3,Equal_Weighted,2.94
DRL,2021Q3,Equal_Weighted,2.94
GEG,2021Q3,Equal_Weighted,2.94
GHC,2021Q3,Equal_Weighted,2.94
HDG,2021Q3,Equal_Weighted,2.94
HNA,2021Q3,Equal_Weighted,2.94
HND,2021Q3,Equal_Weighted,8.33
NED,2021Q3,Equal_Weighted,2.94
NT2,2021Q3,Equal_Weighted,12.5
PC1,2021Q3,Equal_Weighted,2.94
POW,2021Q3,Equal_Weighted,12.5
PPC,2021Q3,Equal_Weighted,8.33
QTP,2021Q3,Equal_Weighted,8.33
REE,2021Q3,Equal_Weighted,2.94
S4A,2021Q3,Equal_Weighted,2.94
SBA,2021Q3,Equal_Weighted,2.94
SHP,2021Q3,Equal_Weighted,2.94
TMP,2021Q3,Equal_Weighted,2.94
TTA,2021Q3,Equal_Weighted,2.94
VPD,2021Q3,Equal_Weighted,2.94
VSH,2021Q3,Equal_Weighted,2.94
AVC,2021Q3,ONI,5.88
DPG,2021Q3,ONI,5.88
DRL,2021Q3,ONI,5.88
GEG,2021Q3,ONI,5.88
GHC,2021Q3,ONI,5.88
HDG,2021Q3,ONI,5.88
HNA,2021Q3,ONI,5.88
NED,2021Q3,ONI,5.88
PC1,2021Q3,ONI,5.88
REE,2021Q3,ONI,5.88
S4A,2021Q3,ONI,5.88
SBA,2021Q3,ONI,5.88
SHP,2021Q3,ONI,5.88
TMP,2021Q3,ONI,5.88
TTA,2021Q3,ONI,5.88
VPD,2021Q3,ONI,5.88
VSH,2021Q3,ONI,5.88
HDG,2021Q4,Alpha,50.0
TMP,2021Q4,Alpha,50.0
AVC,2021Q4,Equal_Weighted,2.94
DPG,2021Q4,Equal_Weighted,2.94
DRL,2021Q4,Equal_Weighted,2.94
GEG,2021Q4,Equal_Weighted,2.94
GHC,2021Q4,Equal_Weighted,2.94
HDG,2021Q4,Equal_Weighted,2.94
HNA,2021Q4,Equal_Weighted,2.94
HND,2021Q4,Equal_Weighted,8.33
NED,2021Q4,Equal_Weighted,2.94
NT2,2021Q4,Equal_Weighted,12.5
PC1,2021Q4,Equal_Weighted,2.94
POW,2021Q4,Equal_Weighted,12.5
PPC,2021Q4,Equal_Weighted,8.33
QTP,2021Q4,Equal_Weighted,8.33
REE,2021Q4,Equal_Weighted,2.94
S4A,2021Q4,Equal_Weighted,2.94
SBA,2021Q4,Equal_Weighted,2.94
SHP,2021Q4,Equal_Weighted,2.94
TMP,2021Q4,Equal_Weighted,2.94
TTA,2021Q4,Equal_Weighted,2.94
VPD,2021Q4,Equal_Weighted,2.94
VSH,2021Q4,Equal_Weighted,2.94
AVC,2021Q4,ONI,5.88
DPG,2021Q4,ONI,5.88
DRL,2021Q4,ONI,5.88
GEG,2021Q4,ONI,5.88
GHC,2021Q4,ONI,5.88
HDG,2021Q4,ONI,5.88
HNA,2021Q4,ONI,5.88
NED,2021Q4,ONI,5.88
PC1,2021Q4,ONI,5.88
REE,2021Q4,ONI,5.88
S4A,2021Q4,ONI,5.88
SBA,2021Q4,ONI,5.88
SHP,2021Q4,ONI,5.88
TMP,2021Q4,ONI,5.88
TTA,2021Q4,ONI,5.88
VPD,2021Q4,ONI,5.88
VSH,2021Q4,ONI,5.88
GEG,2022Q1,Alpha,50.0
TMP,2022Q1,Alpha,50.0
AVC,2022Q1,Equal_Weighted,2.94
DPG,2022Q1,Equal_Weighted,2.94
DRL,2022Q1,Equal_Weighted,2.94
GEG,2022Q1,Equal_Weighted,2.94
GHC,2022Q1,Equal_Weighted,2.94
HDG,2022Q1,Equal_Weighted,2.94
HNA,2022Q1,Equal_Weighted,2.94
HND,2022Q1,Equal_Weighted,8.33
NED,2022Q1,Equal_Weighted,2.94
NT2,2022Q1,Equal_Weighted,12.5
PC1,2022Q1,Equal_Weighted,2.94
POW,2022Q1,Equal_Weighted,12.5
PPC,2022Q1,Equal_Weighted,8.33
QTP,2022Q1,Equal_Weighted,8.33
REE,2022Q1,Equal_Weighted,2.94
S4A,2022Q1,Equal_Weighted,2.94
SBA,2022Q1,Equal_Weighted,2.94
SHP,2022Q1,Equal_Weighted,2.94
TMP,2022Q1,Equal_Weighted,2.94
TTA,2022Q1,Equal_Weighted,2.94
VPD,2022Q1,Equal_Weighted,2.94
VSH,2022Q1,Equal_Weighted,2.94
AVC,2022Q1,ONI,5.88
DPG,2022Q1,ONI,5.88
DRL,2022Q1,ONI,5.88
GEG,2022Q1,ONI,5.88
GHC,2022Q1,ONI,5.88
HDG,2022Q1,ONI,5.88
HNA,2022Q1,ONI,5.88
NED,2022Q1,ONI,5.88
PC1,2022Q1,ONI,5.88
REE,2022Q1,ONI,5.88
S4A,2022Q1,ONI,5.88
SBA,2022Q1,ONI,5.88
SHP,2022Q1,ONI,5.88
TMP,2022Q1,ONI,5.88
TTA,2022Q1,ONI,5.88
VPD,2022Q1,ONI,5.88
VSH,2022Q1,ONI,5.88
PC1,2022Q2,Alpha,50.0
TMP,2022Q2,Alpha,50.0
AVC,2022Q2,Equal_Weighted,2.94
DPG,2022Q2,Equal_Weighted,2.94
DRL,2022Q2,Equal_Weighted,2.94
GEG,2022Q2,Equal_Weighted,2.94
GHC,2022Q2,Equal_Weighted,2.94
HDG,2022Q2,Equal_Weighted,2.94
HNA,2022Q2,Equal_Weighted,2.94
HND,2022Q2,Equal_Weighted,8.33
NED,2022Q2,Equal_Weighted,2.94
NT2,2022Q2,Equal_Weighted,12.5
PC1,2022Q2,Equal_Weighted,2.94
POW,2022Q2,Equal_Weighted,12.5
PPC,2022Q2,Equal_Weighted,8.33
QTP,2022Q2,Equal_Weighted,8.33
REE,2022Q2,Equal_Weighted,2.94
S4A,2022Q2,Equal_Weighted,2.94
SBA,2022Q2,Equal_Weighted,2.94
SHP,2022Q2,Equal_Weighted,2.94
TMP,2022Q2,Equal_Weighted,2.94
TTA,2022Q2,Equal_Weighted,2.94
VPD,2022Q2,Equal_Weighted,2.94
VSH,2022Q2,Equal_Weighted,2.94
AVC,2022Q2,ONI,5.88
DPG,2022Q2,ONI,5.88
DRL,2022Q2,ONI,5.88
GEG,2022Q2,ONI,5.88
GHC,2022Q2,ONI,5.88
HDG,2022Q2,ONI,5.88
HNA,2022Q2,ONI,5.88
NED,2022Q2,ONI,5.88
PC1,2022Q2,ONI,5.88
REE,2022Q2,ONI,5.88
S4A,2022Q2,ONI,5.88
SBA,2022Q2,ONI,5.88
SHP,2022Q2,ONI,5.88
TMP,2022Q2,ONI,5.88
TTA,2022Q2,ONI,5.88
VPD,2022Q2,ONI,5.88
VSH,2022Q2,ONI,5.88
HDG,2022Q3,Alpha,50.0
NED,2022Q3,Alpha,50.0
AVC,2022Q3,Equal_Weighted,2.94
DPG,2022Q3,Equal_Weighted,2.94
DRL,2022Q3,Equal_Weighted,2.94
GEG,2022Q3,Equal_Weighted,2.94
GHC,2022Q3,Equal_Weighted,2.94
HDG,2022Q3,Equal_Weighted,2.94
HNA,2022Q3,Equal_Weighted,2.94
HND,2022Q3,Equal_Weighted,8.33
NED,2022Q3,Equal_Weighted,2.94
NT2,2022Q3,Equal_Weighted,12.5
PC1,2022Q3,Equal_Weighted,2.94
POW,2022Q3,Equal_Weighted,12.5
PPC,2022Q3,Equal_Weighted,8.33
QTP,2022Q3,Equal_Weighted,8.33
REE,2022Q3,Equal_Weighted,2.94
S4A,2022Q3,Equal_Weighted,2.94
SBA,2022Q3,Equal_Weighted,2.94
SHP,2022Q3,Equal_Weighted,2.94
TMP,2022Q3,Equal_Weighted,2.94
TTA,2022Q3,Equal_Weighted,2.94
VPD,2022Q3,Equal_Weighted,2.94
VSH,2022Q3,Equal_Weighted,2.94
AVC,2022Q3,ONI,5.88
DPG,2022Q3,ONI,5.88
DRL,2022Q3,ONI,5.88
GEG,2022Q3,ONI,5.88
GHC,2022Q3,ONI,5.88
HDG,2022Q3,ONI,5.88
HNA,2022Q3,ONI,5.88
NED,2022Q3,ONI,5.88
PC1,2022Q3,ONI,5.88
REE,2022Q3,ONI,5.88
S4A,2022Q3,ONI,5.88
SBA,2022Q3,ONI,5.88
SHP,2022Q3,ONI,5.88
TMP,2022Q3,ONI,5.88
TTA,2022Q3,ONI,5.88
VPD,2022Q3,ONI,5.88
VSH,2022Q3,ONI,5.88
AVC,2022Q4,Alpha,50.0
DPG,2022Q4,Alpha,50.0
AVC,2022Q4,Equal_Weighted,2.94
DPG,2022Q4,Equal_Weighted,2.94
DRL,2022Q4,Equal_Weighted,2.94
GEG,2022Q4,Equal_Weighted,2.94
GHC,2022Q4,Equal_Weighted,2.94
HDG,2022Q4,Equal_Weighted,2.94
HNA,2022Q4,Equal_Weighted,2.94
HND,2022Q4,Equal_Weighted,8.33
NED,2022Q4,Equal_Weighted,2.94
NT2,2022Q4,Equal_Weighted,12.5
PC1,2022Q4,Equal_Weighted,2.94
POW,2022Q4,Equal_Weighted,12.5
PPC,2022Q4,Equal_Weighted,8.33
QTP,2022Q4,Equal_Weighted,8.33
REE,2022Q4,Equal_Weighted,2.94
S4A,2022Q4,Equal_Weighted,2.94
SBA,2022Q4,Equal_Weighted,2.94
SHP,2022Q4,Equal_Weighted,2.94
TMP,2022Q4,Equal_Weighted,2.94
TTA,2022Q4,Equal_Weighted,2.94
VPD,2022Q4,Equal_Weighted,2.94
VSH,2022Q4,Equal_Weighted,2.94
AVC,2022Q4,ONI,5.88
DPG,2022Q4,ONI,5.88
DRL,2022Q4,ONI,5.88
GEG,2022Q4,ONI,5.88
GHC,2022Q4,ONI,5.88
HDG,2022Q4,ONI,5.88
HNA,2022Q4,ONI,5.88
NED,2022Q4,ONI,5.88
PC1,2022Q4,ONI,5.88
REE,2022Q4,ONI,5.88
S4A,2022Q4,ONI,5.88
SBA,2022Q4,ONI,5.88
SHP,2022Q4,ONI,5.88
TMP,2022Q4,ONI,5.88
TTA,2022Q4,ONI,5.88
VPD,2022Q4,ONI,5.88
VSH,2022Q4,ONI,5.88
HDG,2023Q1,Alpha,25.0
POW,2023Q1,Alpha,25.0
PPC,2023Q1,Alpha,25.0
VPD,2023Q1,Alpha,25.0
AVC,2023Q1,Equal_Weighted,2.94
DPG,2023Q1,Equal_Weighted,2.94
DRL,2023Q1,Equal_Weighted,2.94
GEG,2023Q1,Equal_Weighted,2.94
GHC,2023Q1,Equal_Weighted,2.94
HDG,2023Q1,Equal_Weighted,2.94
HNA,2023Q1,Equal_Weighted,2.94
HND,2023Q1,Equal_Weighted,8.33
NED,2023Q1,Equal_Weighted,2.94
NT2,2023Q1,Equal_Weighted,12.5
PC1,2023Q1,Equal_Weighted,2.94
POW,2023Q1,Equal_Weighted,12.5
PPC,2023Q1,Equal_Weighted,8.33
QTP,2023Q1,Equal_Weighted,8.33
REE,2023Q1,Equal_Weighted,2.94
S4A,2023Q1,Equal_Weighted,2.94
SBA,2023Q1,Equal_Weighted,2.94
SHP,2023Q1,Equal_Weighted,2.94
TMP,2023Q1,Equal_Weighted,2.94
TTA,2023Q1,Equal_Weighted,2.94
VPD,2023Q1,Equal_Weighted,2.94
VSH,2023Q1,Equal_Weighted,2.94
AVC,2023Q1,ONI,2.94
DPG,2023Q1,ONI,2.94
DRL,2023Q1,ONI,2.94
GEG,2023Q1,ONI,2.94
GHC,2023Q1,ONI,2.94
HDG,2023Q1,ONI,2.94
HNA,2023Q1,ONI,2.94
HND,2023Q1,ONI,8.33
NED,2023Q1,ONI,2.94
NT2,2023Q1,ONI,12.5
PC1,2023Q1,ONI,2.94
POW,2023Q1,ONI,12.5
PPC,2023Q1,ONI,8.33
QTP,2023Q1,ONI,8.33
REE,2023Q1,ONI,2.94
S4A,2023Q1,ONI,2.94
SBA,2023Q1,ONI,2.94
SHP,2023Q1,ONI,2.94
TMP,2023Q1,ONI,2.94
TTA,2023Q1,ONI,2.94
VPD,2023Q1,ONI,2.94
VSH,2023Q1,ONI,2.94
NT2,2023Q2,Alpha,50.0
PPC,2023Q2,Alpha,50.0
AVC,2023Q2,Equal_Weighted,2.94
DPG,2023Q2,Equal_Weighted,2.94
DRL,2023Q2,Equal_Weighted,2.94
GEG,2023Q2,Equal_Weighted,2.94
GHC,2023Q2,Equal_Weighted,2.94
HDG,2023Q2,Equal_Weighted,2.94
HNA,2023Q2,Equal_Weighted,2.94
HND,2023Q2,Equal_Weighted,8.33
NED,2023Q2,Equal_Weighted,2.94
NT2,2023Q2,Equal_Weighted,12.5
PC1,2023Q2,Equal_Weighted,2.94
POW,2023Q2,Equal_Weighted,12.5
PPC,2023Q2,Equal_Weighted,8.33
QTP,2023Q2,Equal_Weighted,8.33
REE,2023Q2,Equal_Weighted,2.94
S4A,2023Q2,Equal_Weighted,2.94
SBA,2023Q2,Equal_Weighted,2.94
SHP,2023Q2,Equal_Weighted,2.94
TMP,2023Q2,Equal_Weighted,2.94
TTA,2023Q2,Equal_Weighted,2.94
VPD,2023Q2,Equal_Weighted,2.94
VSH,2023Q2,Equal_Weighted,2.94
HND,2023Q2,ONI,16.67
NT2,2023Q2,ONI,25.0
POW,2023Q2,ONI,25.0
PPC,2023Q2,ONI,16.67
QTP,2023Q2,ONI,16.67
POW,2023Q3,Alpha,50.0
QTP,2023Q3,Alpha,50.0
AVC,2023Q3,Equal_Weighted,2.94
DPG,2023Q3,Equal_Weighted,2.94
DRL,2023Q3,Equal_Weighted,2.94
GEG,2023Q3,Equal_Weighted,2.94
GHC,2023Q3,Equal_Weighted,2.94
HDG,2023Q3,Equal_Weighted,2.94
HNA,2023Q3,Equal_Weighted,2.94
HND,2023Q3,Equal_Weighted,8.33
NED,2023Q3,Equal_Weighted,2.94
NT2,2023Q3,Equal_Weighted,12.5
PC1,2023Q3,Equal_Weighted,2.94
POW,2023Q3,Equal_Weighted,12.5
PPC,2023Q3,Equal_Weighted,8.33
QTP,2023Q3,Equal_Weighted,8.33
REE,2023Q3,Equal_Weighted,2.94
S4A,2023Q3,Equal_Weighted,2.94
SBA,2023Q3,Equal_Weighted,2.94
SHP,2023Q3,Equal_Weighted,2.94
TMP,2023Q3,Equal_Weighted,2.94
TTA,2023Q3,Equal_Weighted,2.94
VPD,2023Q3,Equal_Weighted,2.94
VSH,2023Q3,Equal_Weighted,2.94
HND,2023Q3,ONI,16.67
NT2,2023Q3,ONI,25.0
POW,2023Q3,ONI,25.0
PPC,2023Q3,ONI,16.67
QTP,2023Q3,ONI,16.67
POW,2023Q4,Alpha,50.0
PPC,2023Q4,Alpha,50.0
AVC,2023Q4,Equal_Weighted,2.94
DPG,2023Q4,Equal_Weighted,2.94
DRL,2023Q4,Equal_Weighted,2.94
GEG,2023Q4,Equal_Weighted,2.94
GHC,2023Q4,Equal_Weighted,2.94
HDG,2023Q4,Equal_Weighted,2.94
HNA,2023Q4,Equal_Weighted,2.94
HND,2023Q4,Equal_Weighted,8.33
NED,2023Q4,Equal_Weighted,2.94
NT2,2023Q4,Equal_Weighted,12.5
PC1,2023Q4,Equal_Weighted,2.94
POW,2023Q4,Equal_Weighted,12.5
PPC,2023Q4,Equal_Weighted,8.33
QTP,2023Q4,Equal_Weighted,8.33
REE,2023Q4,Equal_Weighted,2.94
S4A,2023Q4,Equal_Weighted,2.94
SBA,2023Q4,Equal_Weighted,2.94
SHP,2023Q4,Equal_Weighted,2.94
TMP,2023Q4,Equal_Weighted,2.94
TTA,2023Q4,Equal_Weighted,2.94
VPD,2023Q4,Equal_Weighted,2.94
VSH,2023Q4,Equal_Weighted,2.94
HND,2023Q4,ONI,16.67
NT2,2023Q4,ONI,25.0
POW,2023Q4,ONI,25.0
PPC,2023Q4,ONI,16.67
QTP,2023Q4,ONI,16.67
HND,2024Q1,Alpha,50.0
POW,2024Q1,Alpha,50.0
AVC,2024Q1,Equal_Weighted,2.94
DPG,2024Q1,Equal_Weighted,2.94
DRL,2024Q1,Equal_Weighted,2.94
GEG,2024Q1,Equal_Weighted,2.94
GHC,2024Q1,Equal_Weighted,2.94
HDG,2024Q1,Equal_Weighted,2.94
HNA,2024Q1,Equal_Weighted,2.94
HND,2024Q1,Equal_Weighted,8.33
NED,2024Q1,Equal_Weighted,2.94
NT2,2024Q1,Equal_Weighted,12.5
PC1,2024Q1,Equal_Weighted,2.94
POW,2024Q1,Equal_Weighted,12.5
PPC,2024Q1,Equal_Weighted,8.33
QTP,2024Q1,Equal_Weighted,8.33
REE,2024Q1,Equal_Weighted,2.94
S4A,2024Q1,Equal_Weighted,2.94
SBA,2024Q1,Equal_Weighted,2.94
SHP,2024Q1,Equal_Weighted,2.94
TMP,2024Q1,Equal_Weighted,2.94
TTA,2024Q1,Equal_Weighted,2.94
VPD,2024Q1,Equal_Weighted,2.94
VSH,2024Q1,Equal_Weighted,2.94
HND,2024Q1,ONI,16.67
NT2,2024Q1,ONI,25.0
POW,2024Q1,ONI,25.0
PPC,2024Q1,ONI,16.67
QTP,2024Q1,ONI,16.67
HDG,2024Q2,Alpha,25.0
HNA,2024Q2,Alpha,25.0
POW,2024Q2,Alpha,25.0
PPC,2024Q2,Alpha,25.0
AVC,2024Q2,Equal_Weighted,2.94
DPG,2024Q2,Equal_Weighted,2.94
DRL,2024Q2,Equal_Weighted,2.94
GEG,2024Q2,Equal_Weighted,2.94
GHC,2024Q2,Equal_Weighted,2.94
HDG,2024Q2,Equal_Weighted,2.94
HNA,2024Q2,Equal_Weighted,2.94
HND,2024Q2,Equal_Weighted,8.33
NED,2024Q2,Equal_Weighted,2.94
NT2,2024Q2,Equal_Weighted,12.5
PC1,2024Q2,Equal_Weighted,2.94
POW,2024Q2,Equal_Weighted,12.5
PPC,2024Q2,Equal_Weighted,8.33
QTP,2024Q2,Equal_Weighted,8.33
REE,2024Q2,Equal_Weighted,2.94
S4A,2024Q2,Equal_Weighted,2.94
SBA,2024Q2,Equal_Weighted,2.94
SHP,2024Q2,Equal_Weighted,2.94
TMP,2024Q2,Equal_Weighted,2.94
TTA,2024Q2,Equal_Weighted,2.94
VPD,2024Q2,Equal_Weighted,2.94
VSH,2024Q2,Equal_Weighted,2.94
AVC,2024Q2,ONI,2.94
DPG,2024Q2,ONI,2.94
DRL,2024Q2,ONI,2.94
GEG,2024Q2,ONI,2.94
GHC,2024Q2,ONI,2.94
HDG,2024Q2,ONI,2.94
HNA,2024Q2,ONI,2.94
HND,2024Q2,ONI,8.33
NED,2024Q2,ONI,2.94
NT2,2024Q2,ONI,12.5
PC1,2024Q2,ONI,2.94
POW,2024Q2,ONI,12.5
PPC,2024Q2,ONI,8.33
QTP,2024Q2,ONI,8.33
REE,2024Q2,ONI,2.94
S4A,2024Q2,ONI,2.94
SBA,2024Q2,ONI,2.94
SHP,2024Q2,ONI,2.94
TMP,2024Q2,ONI,2.94
TTA,2024Q2,ONI,2.94
VPD,2024Q2,ONI,2.94
VSH,2024Q2,ONI,2.94
PC1,2024Q3,Alpha,25.0
POW,2024Q3,Alpha,25.0
PPC,2024Q3,Alpha,25.0
SHP,2024Q3,Alpha,25.0
AVC,2024Q3,Equal_Weighted,2.94
DPG,2024Q3,Equal_Weighted,2.94
DRL,2024Q3,Equal_Weighted,2.94
GEG,2024Q3,Equal_Weighted,2.94
GHC,2024Q3,Equal_Weighted,2.94
HDG,2024Q3,Equal_Weighted,2.94
HNA,2024Q3,Equal_Weighted,2.94
HND,2024Q3,Equal_Weighted,8.33
NED,2024Q3,Equal_Weighted,2.94
NT2,2024Q3,Equal_Weighted,12.5
PC1,2024Q3,Equal_Weighted,2.94
POW,2024Q3,Equal_Weighted,12.5
PPC,2024Q3,Equal_Weighted,8.33
QTP,2024Q3,Equal_Weighted,8.33
REE,2024Q3,Equal_Weighted,2.94
S4A,2024Q3,Equal_Weighted,2.94
SBA,2024Q3,Equal_Weighted,2.94
SHP,2024Q3,Equal_Weighted,2.94
TMP,2024Q3,Equal_Weighted,2.94
TTA,2024Q3,Equal_Weighted,2.94
VPD,2024Q3,Equal_Weighted,2.94
VSH,2024Q3,Equal_Weighted,2.94
AVC,2024Q3,ONI,2.94
DPG,2024Q3,ONI,2.94
DRL,2024Q3,ONI,2.94
GEG,2024Q3,ONI,2.94
GHC,2024Q3,ONI,2.94
HDG,2024Q3,ONI,2.94
HNA,2024Q3,ONI,2.94
HND,2024Q3,ONI,8.33
NED,2024Q3,ONI,2.94
NT2,2024Q3,ONI,12.5
PC1,2024Q3,ONI,2.94
POW,2024Q3,ONI,12.5
PPC,2024Q3,ONI,8.33
QTP,2024Q3,ONI,8.33
REE,2024Q3,ONI,2.94
S4A,2024Q3,ONI,2.94
SBA,2024Q3,ONI,2.94
SHP,2024Q3,ONI,2.94
TMP,2024Q3,ONI,2.94
TTA,2024Q3,ONI,2.94
VPD,2024Q3,ONI,2.94
VSH,2024Q3,ONI,2.94
HDG,2024Q4,Alpha,25.0
NT2,2024Q4,Alpha,25.0
PPC,2024Q4,Alpha,25.0
TBC,2024Q4,Alpha,25.0
AVC,2024Q4,Equal_Weighted,2.94
DPG,2024Q4,Equal_Weighted,2.94
DRL,2024Q4,Equal_Weighted,2.94
GEG,2024Q4,Equal_Weighted,2.94
GHC,2024Q4,Equal_Weighted,2.94
HDG,2024Q4,Equal_Weighted,2.94
HNA,2024Q4,Equal_Weighted,2.94
HND,2024Q4,Equal_Weighted,8.33
NED,2024Q4,Equal_Weighted,2.94
NT2,2024Q4,Equal_Weighted,12.5
PC1,2024Q4,Equal_Weighted,2.94
POW,2024Q4,Equal_Weighted,12.5
PPC,2024Q4,Equal_Weighted,8.33
QTP,2024Q4,Equal_Weighted,8.33
REE,2024Q4,Equal_Weighted,2.94
S4A,2024Q4,Equal_Weighted,2.94
SBA,2024Q4,Equal_Weighted,2.94
SHP,2024Q4,Equal_Weighted,2.94
TMP,2024Q4,Equal_Weighted,2.94
TTA,2024Q4,Equal_Weighted,2.94
VPD,2024Q4,Equal_Weighted,2.94
VSH,2024Q4,Equal_Weighted,2.94
AVC,2024Q4,ONI,2.94
DPG,2024Q4,ONI,2.94
DRL,2024Q4,ONI,2.94
GEG,2024Q4,ONI,2.94
GHC,2024Q4,ONI,2.94
HDG,2024Q4,ONI,2.94
HNA,2024Q4,ONI,2.94
HND,2024Q4,ONI,8.33
NED,2024Q4,ONI,2.94
NT2,2024Q4,ONI,12.5
PC1,2024Q4,ONI,2.94
POW,2024Q4,ONI,12.5
PPC,2024Q4,ONI,8.33
QTP,2024Q4,ONI,8.33
REE,2024Q4,ONI,2.94
S4A,2024Q4,ONI,2.94
SBA,2024Q4,ONI,2.94
SHP,2024Q4,ONI,2.94
TMP,2024Q4,ONI,2.94
TTA,2024Q4,ONI,2.94
VPD,2024Q4,ONI,2.94
VSH,2024Q4,ONI,2.94
NT2,2025Q1,Alpha,25.0
PPC,2025Q1,Alpha,25.0
REE,2025Q1,Alpha,25.0
TBC,2025Q1,Alpha,25.0
AVC,2025Q1,Equal_Weighted,2.94
DPG,2025Q1,Equal_Weighted,2.94
DRL,2025Q1,Equal_Weighted,2.94
GEG,2025Q1,Equal_Weighted,2.94
GHC,2025Q1,Equal_Weighted,2.94
HDG,2025Q1,Equal_Weighted,2.94
HNA,2025Q1,Equal_Weighted,2.94
HND,2025Q1,Equal_Weighted,8.33
NED,2025Q1,Equal_Weighted,2.94
NT2,2025Q1,Equal_Weighted,12.5
PC1,2025Q1,Equal_Weighted,2.94
POW,2025Q1,Equal_Weighted,12.5
PPC,2025Q1,Equal_Weighted,8.33
QTP,2025Q1,Equal_Weighted,8.33
REE,2025Q1,Equal_Weighted,2.94
S4A,2025Q1,Equal_Weighted,2.94
SBA,2025Q1,Equal_Weighted,2.94
SHP,2025Q1,Equal_Weighted,2.94
TMP,2025Q1,Equal_Weighted,2.94
TTA,2025Q1,Equal_Weighted,2.94
VPD,2025Q1,Equal_Weighted,2.94
VSH,2025Q1,Equal_Weighted,2.94
AVC,2025Q1,ONI,2.94
DPG,2025Q1,ONI,2.94
DRL,2025Q1,ONI,2.94
GEG,2025Q1,ONI,2.94
GHC,2025Q1,ONI,2.94
HDG,2025Q1,ONI,2.94
HNA,2025Q1,ONI,2.94
HND,2025Q1,ONI,8.33
NED,2025Q1,ONI,2.94
NT2,2025Q1,ONI,12.5
PC1,2025Q1,ONI,2.94
POW,2025Q1,ONI,12.5
PPC,2025Q1,ONI,8.33
QTP,2025Q1,ONI,8.33
REE,2025Q1,ONI,2.94
S4A,2025Q1,ONI,2.94
SBA,2025Q1,ONI,2.94
SHP,2025Q1,ONI,2.94
TMP,2025Q1,ONI,2.94
TTA,2025Q1,ONI,2.94
VPD,2025Q1,ONI,2.94
VSH,2025Q1,ONI,2.94
GEG,2025Q2,Alpha,25.0
NT2,2025Q2,Alpha,25.0
QTP,2025Q2,Alpha,25.0
TBC,2025Q2,Alpha,25.0
AVC,2025Q2,Equal_Weighted,2.94
DPG,2025Q2,Equal_Weighted,2.94
DRL,2025Q2,Equal_Weighted,2.94
GEG,2025Q2,Equal_Weighted,2.94
GHC,2025Q2,Equal_Weighted,2.94
HDG,2025Q2,Equal_Weighted,2.94
HNA,2025Q2,Equal_Weighted,2.94
HND,2025Q2,Equal_Weighted,8.33
NED,2025Q2,Equal_Weighted,2.94
NT2,2025Q2,Equal_Weighted,12.5
PC1,2025Q2,Equal_Weighted,2.94
POW,2025Q2,Equal_Weighted,12.5
PPC,2025Q2,Equal_Weighted,8.33
QTP,2025Q2,Equal_Weighted,8.33
REE,2025Q2,Equal_Weighted,2.94
S4A,2025Q2,Equal_Weighted,2.94
SBA,2025Q2,Equal_Weighted,2.94
SHP,2025Q2,Equal_Weighted,2.94
TMP,2025Q2,Equal_Weighted,2.94
TTA,2025Q2,Equal_Weighted,2.94
VPD,2025Q2,Equal_Weighted,2.94
VSH,2025Q2,Equal_Weighted,2.94
AVC,2025Q2,ONI,2.94
DPG,2025Q2,ONI,2.94
DRL,2025Q2,ONI,2.94
GEG,2025Q2,ONI,2.94
GHC,2025Q2,ONI,2.94
HDG,2025Q2,ONI,2.94
HNA,2025Q2,ONI,2.94
HND,2025Q2,ONI,8.33
NED,2025Q2,ONI,2.94
NT2,2025Q2,ONI,12.5
PC1,2025Q2,ONI,2.94
POW,2025Q2,ONI,12.5
PPC,2025Q2,ONI,8.33
QTP,2025Q2,ONI,8.33
REE,2025Q2,ONI,2.94
S4A,2025Q2,ONI,2.94
SBA,2025Q2,ONI,2.94
SHP,2025Q2,ONI,2.94
TMP,2025Q2,ONI,2.94
TTA,2025Q2,ONI,2.94
VPD,2025Q2,ONI,2.94
VSH,2025Q2,ONI,2.94
PC1,2025Q3,Alpha,25.0
POW,2025Q3,Alpha,25.0
QTP,2025Q3,Alpha,25.0
SBA,2025Q3,Alpha,25.0
AVC,2025Q3,Equal_Weighted,2.94
DPG,2025Q3,Equal_Weighted,2.94
DRL,2025Q3,Equal_Weighted,2.94
GEG,2025Q3,Equal_Weighted,2.94
GHC,2025Q3,Equal_Weighted,2.94
HDG,2025Q3,Equal_Weighted,2.94
HNA,2025Q3,Equal_Weighted,2.94
HND,2025Q3,Equal_Weighted,8.33
NED,2025Q3,Equal_Weighted,2.94
NT2,2025Q3,Equal_Weighted,12.5
PC1,2025Q3,Equal_Weighted,2.94
POW,2025Q3,Equal_Weighted,12.5
PPC,2025Q3,Equal_Weighted,8.33
QTP,2025Q3,Equal_Weighted,8.33
REE,2025Q3,Equal_Weighted,2.94
S4A,2025Q3,Equal_Weighted,2.94
SBA,2025Q3,Equal_Weighted,2.94
SHP,2025Q3,Equal_Weighted,2.94
TMP,2025Q3,Equal_Weighted,2.94
TTA,2025Q3,Equal_Weighted,2.94
VPD,2025Q3,Equal_Weighted,2.94
VSH,2025Q3,Equal_Weighted,2.94
AVC,2025Q3,ONI,2.94
DPG,2025Q3,ONI,2.94
DRL,2025Q3,ONI,2.94
GEG,2025Q3,ONI,2.94
GHC,2025Q3,ONI,2.94
HDG,2025Q3,ONI,2.94
HNA,2025Q3,ONI,2.94
HND,2025Q3,ONI,8.33
NED,2025Q3,ONI,2.94
NT2,2025Q3,ONI,12.5
PC1,2025Q3,ONI,2.94
POW,2025Q3,ONI,12.5
PPC,2025Q3,ONI,8.33
QTP,2025Q3,ONI,8.33
REE,2025Q3,ONI,2.94
S4A,2025Q3,ONI,2.94
SBA,2025Q3,ONI,2.94
SHP,2025Q3,ONI,2.94
TMP,2025Q3,ONI,2.94
TTA,2025Q3,ONI,2.94
VPD,2025Q3,ONI,2.94
VSH,2025Q3,ONI,2.94
